-- phpMyAdmin SQL Dump
-- version 5.2.1
-- https://www.phpmyadmin.net/
--
-- Servidor: 127.0.0.1
-- Tiempo de generación: 08-10-2024 a las 05:08:33
-- Versión del servidor: 10.4.28-MariaDB
-- Versión de PHP: 8.0.28

SET SQL_MODE = "NO_AUTO_VALUE_ON_ZERO";
START TRANSACTION;
SET time_zone = "+00:00";


/*!40101 SET @OLD_CHARACTER_SET_CLIENT=@@CHARACTER_SET_CLIENT */;
/*!40101 SET @OLD_CHARACTER_SET_RESULTS=@@CHARACTER_SET_RESULTS */;
/*!40101 SET @OLD_COLLATION_CONNECTION=@@COLLATION_CONNECTION */;
/*!40101 SET NAMES utf8mb4 */;

--
-- Base de datos: `bd_ventas`
--

DELIMITER $$
--
-- Procedimientos
--
CREATE DEFINER=`root`@`localhost` PROCEDURE `generate_combinations` ()   BEGIN
    -- Insertar combinaciones con agregados relacionados
    INSERT INTO producto_combinaciones (tipo_id, color_id, material_id, agregado_id, stock, precioU, activo)
    SELECT
        t.id AS tipo_id,
        c.id AS color_id,
        m.id AS material_id,
        a.id AS agregado_id,
        0 AS stock,
        '0' AS precioU,
        1 AS activo
    FROM tipos t
    CROSS JOIN colores c
    CROSS JOIN materiales m
    INNER JOIN agregados a ON
        SUBSTRING_INDEX(t.nombre, ' ', 1) = a.tipo
    LEFT JOIN producto_combinaciones pc ON
        pc.tipo_id = t.id AND
        pc.color_id = c.id AND
        pc.material_id = m.id AND
        pc.agregado_id = a.id
    WHERE pc.id IS NULL;

    -- Insertar combinaciones sin agregados
    INSERT INTO producto_combinaciones (tipo_id, color_id, material_id, agregado_id, stock, precioU, activo)
    SELECT
        t.id AS tipo_id,
        c.id AS color_id,
        m.id AS material_id,
        NULL AS agregado_id,
        0 AS stock,
        '0' AS precioU,
        1 AS activo
    FROM tipos t
    CROSS JOIN colores c
    CROSS JOIN materiales m
    LEFT JOIN producto_combinaciones pc ON
        pc.tipo_id = t.id AND
        pc.color_id = c.id AND
        pc.material_id = m.id AND
        pc.agregado_id IS NULL
    WHERE pc.id IS NULL;
END$$

CREATE DEFINER=`root`@`localhost` PROCEDURE `generate_combinations_primero` (IN `p_tipo_id` INT, IN `p_agregado_id` INT, IN `p_stock` INT, IN `p_precioU` DECIMAL(10,2))   BEGIN
    -- Variables para controlar si se debe generar combinaciones por tipo o por agregado
    DECLARE v_generar_por_tipo BOOLEAN;
    DECLARE v_generar_por_agregado BOOLEAN;

    SET v_generar_por_tipo = p_tipo_id IS NOT NULL;
    SET v_generar_por_agregado = p_agregado_id IS NOT NULL;

    -- Insertar combinaciones con agregados, filtrando por tipo o agregado según corresponda
    IF v_generar_por_tipo THEN
        -- Generar combinaciones para el tipo especificado
        INSERT INTO producto_combinaciones (tipo_id, color_id, material_id, agregado_id, stock, precioU, activo)
        SELECT
            t.id AS tipo_id,
            c.id AS color_id,
            m.id AS material_id,
            a.id AS agregado_id,
            p_stock AS stock,
            p_precioU AS precioU,
            1 AS activo
        FROM tipos t
        CROSS JOIN colores c
        CROSS JOIN materiales m
        INNER JOIN agregados a ON LOWER(a.tipo) = LOWER(SUBSTRING_INDEX(t.nombre, ' ', 1))
        LEFT JOIN producto_combinaciones pc ON
            pc.tipo_id = t.id AND
            pc.color_id = c.id AND
            pc.material_id = m.id AND
            pc.agregado_id = a.id
        WHERE pc.id IS NULL
          AND t.id = p_tipo_id;

        -- Insertar combinaciones sin agregados para el tipo especificado
        INSERT INTO producto_combinaciones (tipo_id, color_id, material_id, agregado_id, stock, precioU, activo)
        SELECT
            t.id AS tipo_id,
            c.id AS color_id,
            m.id AS material_id,
            NULL AS agregado_id,
            p_stock AS stock,
            p_precioU AS precioU,
            1 AS activo
        FROM tipos t
        CROSS JOIN colores c
        CROSS JOIN materiales m
        LEFT JOIN producto_combinaciones pc ON
            pc.tipo_id = t.id AND
            pc.color_id = c.id AND
            pc.material_id = m.id AND
            pc.agregado_id IS NULL
        WHERE pc.id IS NULL
          AND t.id = p_tipo_id;
    ELSEIF v_generar_por_agregado THEN
        -- Generar combinaciones para el agregado especificado
        INSERT INTO producto_combinaciones (tipo_id, color_id, material_id, agregado_id, stock, precioU, activo)
        SELECT
            t.id AS tipo_id,
            c.id AS color_id,
            m.id AS material_id,
            a.id AS agregado_id,
            p_stock AS stock,
            p_precioU AS precioU,
            1 AS activo
        FROM tipos t
        CROSS JOIN colores c
        CROSS JOIN materiales m
        INNER JOIN agregados a ON LOWER(a.tipo) = LOWER(SUBSTRING_INDEX(t.nombre, ' ', 1))
        LEFT JOIN producto_combinaciones pc ON
            pc.tipo_id = t.id AND
            pc.color_id = c.id AND
            pc.material_id = m.id AND
            pc.agregado_id = a.id
        WHERE pc.id IS NULL
          AND a.id = p_agregado_id;
    END IF;
END$$

DELIMITER ;

-- --------------------------------------------------------

--
-- Estructura de tabla para la tabla `agregados`
--

CREATE TABLE `agregados` (
  `id` int(11) NOT NULL,
  `tipo` varchar(50) NOT NULL,
  `nombre` varchar(255) NOT NULL
) ENGINE=InnoDB DEFAULT CHARSET=utf8mb4 COLLATE=utf8mb4_general_ci;

--
-- Volcado de datos para la tabla `agregados`
--

INSERT INTO `agregados` (`id`, `tipo`, `nombre`) VALUES
(45, 'Silla', 'Acolchonada'),
(46, 'Silla', 'No acolchonada'),
(47, 'Silla', 'Con brazos'),
(48, 'Silla', 'Sin brazos'),
(49, 'Mesa', 'Cuadrada'),
(50, 'Mesa', 'Redonda'),
(51, 'Mesa', 'Con cajones'),
(52, 'Mesa', 'Sin cajones'),
(53, 'Camilla', 'Con barillas'),
(54, 'Camilla', 'Sin barillas'),
(55, 'Camilla', 'Con espaldar movible'),
(56, 'Camilla', 'Fija'),
(57, 'Casillero', 'Con chapa'),
(58, 'Casillero', 'Sin chapa'),
(59, 'Casillero', 'Con espejo'),
(60, 'Casillero', 'Sin espejo'),
(61, 'Estante', 'Con puertas'),
(62, 'Estante', 'Sin puertas'),
(63, 'Estante', 'De pared'),
(64, 'Estante', 'De pie'),
(65, 'Escritorio', 'Con chapas'),
(66, 'Escritorio', 'Sin chapas'),
(67, 'Escritorio', 'Con ruedas'),
(68, 'Escritorio', 'Fijo'),
(69, 'Horno', 'Con ventilador'),
(70, 'Horno', 'Sin ventilador'),
(71, 'Horno', 'A gas'),
(72, 'Horno', 'Eléctrico'),
(73, 'Gabetero', 'Con cerradura'),
(74, 'Gabetero', 'Sin cerradura'),
(75, 'Gabetero', 'De oficina'),
(76, 'Gabetero', 'De hogar'),
(77, 'Vitrina', 'De vidrio'),
(78, 'Vitrina', 'De madera'),
(79, 'Vitrina', 'Con iluminación'),
(80, 'Vitrina', 'Sin iluminación'),
(81, 'Cama', 'Con cabecera'),
(82, 'Cama', 'Sin cabecera'),
(83, 'Cama', 'Plegable'),
(84, 'Cama', 'Fija'),
(85, 'Armario', 'Con espejo'),
(86, 'Armario', 'Sin espejo'),
(87, 'Armario', 'De madera'),
(88, 'Armario', 'Metálico');

-- --------------------------------------------------------

--
-- Estructura de tabla para la tabla `colores`
--

CREATE TABLE `colores` (
  `id` int(11) NOT NULL,
  `nombre` varchar(50) NOT NULL
) ENGINE=InnoDB DEFAULT CHARSET=utf8mb4 COLLATE=utf8mb4_general_ci;

--
-- Volcado de datos para la tabla `colores`
--

INSERT INTO `colores` (`id`, `nombre`) VALUES
(6, 'Rojo'),
(7, 'Azul'),
(8, 'Negro'),
(9, 'Blanco'),
(10, 'Gris');

--
-- Disparadores `colores`
--
DELIMITER $$
CREATE TRIGGER `after_color_insert` AFTER INSERT ON `colores` FOR EACH ROW BEGIN
    CALL generate_combinations();
END
$$
DELIMITER ;

-- --------------------------------------------------------

--
-- Estructura de tabla para la tabla `materiales`
--

CREATE TABLE `materiales` (
  `id` int(11) NOT NULL,
  `nombre` varchar(50) NOT NULL
) ENGINE=InnoDB DEFAULT CHARSET=utf8mb4 COLLATE=utf8mb4_general_ci;

--
-- Volcado de datos para la tabla `materiales`
--

INSERT INTO `materiales` (`id`, `nombre`) VALUES
(3, 'Metal'),
(4, 'Melamina');

--
-- Disparadores `materiales`
--
DELIMITER $$
CREATE TRIGGER `after_material_insert` AFTER INSERT ON `materiales` FOR EACH ROW BEGIN
    CALL generate_combinations();
END
$$
DELIMITER ;

-- --------------------------------------------------------

--
-- Estructura de tabla para la tabla `persona`
--

CREATE TABLE `persona` (
  `id` int(11) NOT NULL,
  `nombre` varchar(20) DEFAULT NULL,
  `apellido` varchar(20) DEFAULT NULL,
  `ci` varchar(20) DEFAULT NULL,
  `genero` varchar(20) DEFAULT NULL,
  `email` varchar(20) DEFAULT NULL,
  `telefono` int(11) DEFAULT NULL,
  `direccion` varchar(20) DEFAULT NULL,
  `fecha_nac` date DEFAULT NULL
) ENGINE=InnoDB DEFAULT CHARSET=utf8mb4 COLLATE=utf8mb4_general_ci;

--
-- Volcado de datos para la tabla `persona`
--

INSERT INTO `persona` (`id`, `nombre`, `apellido`, `ci`, `genero`, `email`, `telefono`, `direccion`, `fecha_nac`) VALUES
(1, 'Juan', 'Perez', '12345678', 'Masculino', 'juan.perez@example.c', 123456789, 'Direccion 1', '1979-12-30'),
(2, 'Maria', 'Lopez', '23456789', 'Femenino', 'maria.lopez@example.', 987654321, 'Direccion 2', '1990-02-02'),
(3, 'Carlos', 'Gomez', '34567890', 'Masculino', 'carlos.gomez@example', 564738291, 'Direccion 3', '1985-03-03');

-- --------------------------------------------------------

--
-- Estructura de tabla para la tabla `producto_combinaciones`
--

CREATE TABLE `producto_combinaciones` (
  `id` int(11) NOT NULL,
  `tipo_id` int(11) DEFAULT NULL,
  `color_id` int(11) DEFAULT NULL,
  `material_id` int(11) DEFAULT NULL,
  `agregado_id` int(11) DEFAULT NULL,
  `stock` int(11) NOT NULL,
  `precioU` float NOT NULL,
  `activo` tinyint(1) DEFAULT 1
) ENGINE=InnoDB DEFAULT CHARSET=utf8mb4 COLLATE=utf8mb4_general_ci;

--
-- Volcado de datos para la tabla `producto_combinaciones`
--

INSERT INTO `producto_combinaciones` (`id`, `tipo_id`, `color_id`, `material_id`, `agregado_id`, `stock`, `precioU`, `activo`) VALUES
(1, 69, 6, 3, 45, 28, 183.47, 1),
(2, 69, 6, 4, 45, 11, 170.94, 1),
(3, 69, 7, 3, 45, 21, 154.28, 1),
(4, 69, 7, 4, 45, 22, 208.58, 1),
(5, 69, 8, 3, 45, 16, 230.07, 1),
(6, 69, 8, 4, 45, 25, 174.63, 1),
(7, 69, 9, 3, 45, 27, 232.92, 1),
(8, 69, 9, 4, 45, 29, 190.73, 1),
(9, 69, 10, 3, 45, 15, 204.86, 1),
(10, 69, 10, 4, 45, 19, 202.14, 1),
(11, 69, 6, 3, 46, 21, 246.09, 1),
(12, 69, 6, 4, 46, 18, 174.04, 1),
(13, 69, 7, 3, 46, 15, 181.94, 1),
(14, 69, 7, 4, 46, 14, 237.59, 1),
(15, 69, 8, 3, 46, 13, 192.13, 1),
(16, 69, 8, 4, 46, 11, 197.87, 1),
(17, 69, 9, 3, 46, 29, 162.98, 1),
(18, 69, 9, 4, 46, 20, 171.27, 1),
(19, 69, 10, 3, 46, 24, 217.41, 1),
(20, 69, 10, 4, 46, 10, 223.24, 1),
(21, 69, 6, 3, 47, 29, 213.98, 1),
(22, 69, 6, 4, 47, 25, 150.16, 1),
(23, 69, 7, 3, 47, 27, 158.87, 1),
(24, 69, 7, 4, 47, 30, 193.88, 1),
(25, 69, 8, 3, 47, 18, 242.8, 1),
(26, 69, 8, 4, 47, 12, 182.35, 1),
(27, 69, 9, 3, 47, 14, 233.36, 1),
(28, 69, 9, 4, 47, 26, 169.75, 1),
(29, 69, 10, 3, 47, 17, 198.65, 1),
(30, 69, 10, 4, 47, 17, 234.03, 1),
(31, 69, 6, 3, 48, 25, 224.18, 1),
(32, 69, 6, 4, 48, 22, 168.84, 1),
(33, 69, 7, 3, 48, 25, 221.62, 1),
(34, 69, 7, 4, 48, 28, 151.61, 1),
(35, 69, 8, 3, 48, 18, 243.16, 1),
(36, 69, 8, 4, 48, 14, 210.99, 1),
(37, 69, 9, 3, 48, 28, 175.46, 1),
(38, 69, 9, 4, 48, 28, 194.33, 1),
(39, 69, 10, 3, 48, 25, 195.26, 1),
(40, 69, 10, 4, 48, 12, 243.32, 1),
(41, 70, 6, 3, 45, 16, 180.83, 1),
(42, 70, 6, 4, 45, 13, 224.2, 1),
(43, 70, 7, 3, 45, 28, 228.49, 1),
(44, 70, 7, 4, 45, 29, 219.85, 1),
(45, 70, 8, 3, 45, 13, 163.77, 1),
(46, 70, 8, 4, 45, 27, 209.31, 1),
(47, 70, 9, 3, 45, 28, 205.25, 1),
(48, 70, 9, 4, 45, 29, 248.31, 1),
(49, 70, 10, 3, 45, 28, 175.79, 1),
(50, 70, 10, 4, 45, 25, 184.01, 1),
(51, 70, 6, 3, 46, 10, 242.68, 1),
(52, 70, 6, 4, 46, 27, 211.38, 1),
(53, 70, 7, 3, 46, 15, 178.85, 1),
(54, 70, 7, 4, 46, 22, 210.13, 1),
(55, 70, 8, 3, 46, 15, 164.08, 1),
(56, 70, 8, 4, 46, 21, 240.02, 1),
(57, 70, 9, 3, 46, 28, 157.86, 1),
(58, 70, 9, 4, 46, 26, 219.25, 1),
(59, 70, 10, 3, 46, 18, 172.68, 1),
(60, 70, 10, 4, 46, 19, 155.62, 1),
(61, 70, 6, 3, 47, 15, 210.09, 1),
(62, 70, 6, 4, 47, 24, 233.57, 1),
(63, 70, 7, 3, 47, 28, 187.6, 1),
(64, 70, 7, 4, 47, 16, 187.3, 1),
(65, 70, 8, 3, 47, 29, 223.67, 1),
(66, 70, 8, 4, 47, 24, 206.47, 1),
(67, 70, 9, 3, 47, 23, 211.35, 1),
(68, 70, 9, 4, 47, 15, 187.33, 1),
(69, 70, 10, 3, 47, 13, 152.6, 1),
(70, 70, 10, 4, 47, 13, 151.01, 1),
(71, 70, 6, 3, 48, 14, 247.24, 1),
(72, 70, 6, 4, 48, 20, 233.16, 1),
(73, 70, 7, 3, 48, 11, 174.09, 1),
(74, 70, 7, 4, 48, 22, 220.98, 1),
(75, 70, 8, 3, 48, 28, 232.63, 1),
(76, 70, 8, 4, 48, 26, 150.21, 1),
(77, 70, 9, 3, 48, 14, 203.17, 1),
(78, 70, 9, 4, 48, 25, 215.22, 1),
(79, 70, 10, 3, 48, 30, 216.59, 1),
(80, 70, 10, 4, 48, 24, 187.28, 1),
(81, 71, 6, 3, 45, 21, 236.63, 1),
(82, 71, 6, 4, 45, 22, 171.31, 1),
(83, 71, 7, 3, 45, 18, 196.65, 1),
(84, 71, 7, 4, 45, 16, 219.33, 1),
(85, 71, 8, 3, 45, 13, 156.7, 1),
(86, 71, 8, 4, 45, 27, 175.53, 1),
(87, 71, 9, 3, 45, 27, 157.53, 1),
(88, 71, 9, 4, 45, 23, 211.07, 1),
(89, 71, 10, 3, 45, 25, 232.75, 1),
(90, 71, 10, 4, 45, 28, 180.54, 1),
(91, 71, 6, 3, 46, 12, 154.45, 1),
(92, 71, 6, 4, 46, 27, 180.62, 1),
(93, 71, 7, 3, 46, 28, 189.74, 1),
(94, 71, 7, 4, 46, 10, 156.86, 1),
(95, 71, 8, 3, 46, 17, 165.07, 1),
(96, 71, 8, 4, 46, 25, 204.77, 1),
(97, 71, 9, 3, 46, 25, 178.62, 1),
(98, 71, 9, 4, 46, 19, 228.81, 1),
(99, 71, 10, 3, 46, 12, 158.2, 1),
(100, 71, 10, 4, 46, 11, 154.55, 1),
(101, 71, 6, 3, 47, 29, 248.16, 1),
(102, 71, 6, 4, 47, 23, 227.13, 1),
(103, 71, 7, 3, 47, 17, 241.2, 1),
(104, 71, 7, 4, 47, 27, 174.6, 1),
(105, 71, 8, 3, 47, 13, 199.38, 1),
(106, 71, 8, 4, 47, 16, 223.1, 1),
(107, 71, 9, 3, 47, 28, 167.38, 1),
(108, 71, 9, 4, 47, 22, 217.61, 1),
(109, 71, 10, 3, 47, 18, 235.89, 1),
(110, 71, 10, 4, 47, 11, 176.61, 1),
(111, 71, 6, 3, 48, 15, 225.4, 1),
(112, 71, 6, 4, 48, 29, 247.15, 1),
(113, 71, 7, 3, 48, 29, 209.57, 1),
(114, 71, 7, 4, 48, 30, 156.4, 1),
(115, 71, 8, 3, 48, 10, 203.3, 1),
(116, 71, 8, 4, 48, 14, 197.29, 1),
(117, 71, 9, 3, 48, 26, 226.56, 1),
(118, 71, 9, 4, 48, 22, 190.91, 1),
(119, 71, 10, 3, 48, 20, 224.89, 1),
(120, 71, 10, 4, 48, 23, 201.69, 1),
(121, 72, 6, 3, 45, 24, 183.8, 1),
(122, 72, 6, 4, 45, 24, 163.95, 1),
(123, 72, 7, 3, 45, 15, 218.33, 1),
(124, 72, 7, 4, 45, 13, 249.78, 1),
(125, 72, 8, 3, 45, 12, 243.94, 1),
(126, 72, 8, 4, 45, 29, 220.36, 1),
(127, 72, 9, 3, 45, 18, 219.99, 1),
(128, 72, 9, 4, 45, 15, 188.86, 1),
(129, 72, 10, 3, 45, 12, 234.33, 1),
(130, 72, 10, 4, 45, 26, 155.05, 1),
(131, 72, 6, 3, 46, 23, 222.29, 1),
(132, 72, 6, 4, 46, 26, 196.28, 1),
(133, 72, 7, 3, 46, 10, 164.52, 1),
(134, 72, 7, 4, 46, 24, 183.75, 1),
(135, 72, 8, 3, 46, 19, 175.22, 1),
(136, 72, 8, 4, 46, 13, 174.82, 1),
(137, 72, 9, 3, 46, 17, 198.45, 1),
(138, 72, 9, 4, 46, 18, 217.78, 1),
(139, 72, 10, 3, 46, 27, 243.57, 1),
(140, 72, 10, 4, 46, 11, 214.49, 1),
(141, 72, 6, 3, 47, 23, 191.76, 1),
(142, 72, 6, 4, 47, 13, 165.31, 1),
(143, 72, 7, 3, 47, 27, 201.28, 1),
(144, 72, 7, 4, 47, 27, 160.47, 1),
(145, 72, 8, 3, 47, 24, 248.51, 1),
(146, 72, 8, 4, 47, 27, 211.14, 1),
(147, 72, 9, 3, 47, 13, 160.17, 1),
(148, 72, 9, 4, 47, 16, 217.44, 1),
(149, 72, 10, 3, 47, 12, 156.68, 1),
(150, 72, 10, 4, 47, 21, 181.06, 1),
(151, 72, 6, 3, 48, 19, 185.3, 1),
(152, 72, 6, 4, 48, 21, 233.28, 1),
(153, 72, 7, 3, 48, 17, 160.53, 1),
(154, 72, 7, 4, 48, 15, 152.8, 1),
(155, 72, 8, 3, 48, 13, 232.4, 1),
(156, 72, 8, 4, 48, 29, 153.59, 1),
(157, 72, 9, 3, 48, 17, 220.77, 1),
(158, 72, 9, 4, 48, 26, 193.1, 1),
(159, 72, 10, 3, 48, 12, 153.15, 1),
(160, 72, 10, 4, 48, 11, 236.48, 1),
(161, 73, 6, 3, 45, 27, 172.95, 1),
(162, 73, 6, 4, 45, 13, 205.29, 1),
(163, 73, 7, 3, 45, 16, 157.62, 1),
(164, 73, 7, 4, 45, 11, 222.21, 1),
(165, 73, 8, 3, 45, 15, 188.21, 1),
(166, 73, 8, 4, 45, 11, 224.42, 1),
(167, 73, 9, 3, 45, 20, 207.45, 1),
(168, 73, 9, 4, 45, 18, 214, 1),
(169, 73, 10, 3, 45, 18, 197.67, 1),
(170, 73, 10, 4, 45, 27, 196.34, 1),
(171, 73, 6, 3, 46, 11, 238.7, 1),
(172, 73, 6, 4, 46, 25, 154.45, 1),
(173, 73, 7, 3, 46, 21, 206.18, 1),
(174, 73, 7, 4, 46, 19, 217.54, 1),
(175, 73, 8, 3, 46, 25, 219.15, 1),
(176, 73, 8, 4, 46, 15, 193.13, 1),
(177, 73, 9, 3, 46, 10, 158.21, 1),
(178, 73, 9, 4, 46, 17, 161.66, 1),
(179, 73, 10, 3, 46, 26, 183.65, 1),
(180, 73, 10, 4, 46, 27, 183.27, 1),
(181, 73, 6, 3, 47, 26, 215.39, 1),
(182, 73, 6, 4, 47, 21, 177.17, 1),
(183, 73, 7, 3, 47, 16, 189.66, 1),
(184, 73, 7, 4, 47, 27, 166.81, 1),
(185, 73, 8, 3, 47, 17, 215.05, 1),
(186, 73, 8, 4, 47, 16, 224.82, 1),
(187, 73, 9, 3, 47, 17, 228.94, 1),
(188, 73, 9, 4, 47, 29, 220.23, 1),
(189, 73, 10, 3, 47, 24, 164.35, 1),
(190, 73, 10, 4, 47, 24, 211.05, 1),
(191, 73, 6, 3, 48, 18, 212.21, 1),
(192, 73, 6, 4, 48, 26, 177.88, 1),
(193, 73, 7, 3, 48, 25, 202.76, 1),
(194, 73, 7, 4, 48, 19, 230.18, 1),
(195, 73, 8, 3, 48, 29, 192.6, 1),
(196, 73, 8, 4, 48, 19, 222.48, 1),
(197, 73, 9, 3, 48, 17, 184.6, 1),
(198, 73, 9, 4, 48, 20, 205.55, 1),
(199, 73, 10, 3, 48, 17, 223.94, 1),
(200, 73, 10, 4, 48, 18, 153.05, 1),
(201, 74, 6, 3, 45, 26, 243.42, 1),
(202, 74, 6, 4, 45, 25, 207.96, 1),
(203, 74, 7, 3, 45, 18, 159.55, 1),
(204, 74, 7, 4, 45, 26, 223.88, 1),
(205, 74, 8, 3, 45, 26, 190.73, 1),
(206, 74, 8, 4, 45, 20, 232.03, 1),
(207, 74, 9, 3, 45, 11, 237.94, 1),
(208, 74, 9, 4, 45, 28, 243.64, 1),
(209, 74, 10, 3, 45, 17, 154.35, 1),
(210, 74, 10, 4, 45, 28, 190.82, 1),
(211, 74, 6, 3, 46, 22, 241.08, 1),
(212, 74, 6, 4, 46, 14, 182.91, 1),
(213, 74, 7, 3, 46, 16, 241.33, 1),
(214, 74, 7, 4, 46, 27, 207.93, 1),
(215, 74, 8, 3, 46, 19, 165.65, 1),
(216, 74, 8, 4, 46, 21, 154.45, 1),
(217, 74, 9, 3, 46, 19, 225.31, 1),
(218, 74, 9, 4, 46, 21, 213.2, 1),
(219, 74, 10, 3, 46, 17, 240.06, 1),
(220, 74, 10, 4, 46, 14, 210.7, 1),
(221, 74, 6, 3, 47, 28, 183.32, 1),
(222, 74, 6, 4, 47, 26, 234.52, 1),
(223, 74, 7, 3, 47, 18, 172.62, 1),
(224, 74, 7, 4, 47, 24, 209.56, 1),
(225, 74, 8, 3, 47, 13, 179.95, 1),
(226, 74, 8, 4, 47, 26, 221.04, 1),
(227, 74, 9, 3, 47, 19, 215.37, 1),
(228, 74, 9, 4, 47, 28, 163.72, 1),
(229, 74, 10, 3, 47, 12, 222.51, 1),
(230, 74, 10, 4, 47, 29, 171.39, 1),
(231, 74, 6, 3, 48, 15, 239.42, 1),
(232, 74, 6, 4, 48, 20, 232.92, 1),
(233, 74, 7, 3, 48, 24, 196.36, 1),
(234, 74, 7, 4, 48, 30, 233.01, 1),
(235, 74, 8, 3, 48, 28, 225.98, 1),
(236, 74, 8, 4, 48, 20, 180.88, 1),
(237, 74, 9, 3, 48, 26, 176.43, 1),
(238, 74, 9, 4, 48, 22, 189.54, 1),
(239, 74, 10, 3, 48, 21, 168.41, 1),
(240, 74, 10, 4, 48, 29, 223.41, 1),
(241, 80, 6, 3, 53, 11, 161.81, 1),
(242, 80, 6, 4, 53, 19, 188.85, 1),
(243, 80, 7, 3, 53, 13, 208.82, 1),
(244, 80, 7, 4, 53, 18, 227.53, 1),
(245, 80, 8, 3, 53, 20, 161.18, 1),
(246, 80, 8, 4, 53, 16, 173.34, 1),
(247, 80, 9, 3, 53, 12, 233.14, 1),
(248, 80, 9, 4, 53, 19, 195.69, 1),
(249, 80, 10, 3, 53, 30, 229.05, 1),
(250, 80, 10, 4, 53, 22, 208.15, 1),
(251, 80, 6, 3, 54, 12, 203.62, 1),
(252, 80, 6, 4, 54, 23, 243.63, 1),
(253, 80, 7, 3, 54, 28, 157.29, 1),
(254, 80, 7, 4, 54, 20, 205.56, 1),
(255, 80, 8, 3, 54, 29, 205.92, 1),
(256, 80, 8, 4, 54, 12, 162.95, 1),
(257, 80, 9, 3, 54, 25, 246.96, 1),
(258, 80, 9, 4, 54, 17, 195.96, 1),
(259, 80, 10, 3, 54, 20, 188.92, 1),
(260, 80, 10, 4, 54, 21, 206.73, 1),
(261, 80, 6, 3, 55, 16, 216.86, 1),
(262, 80, 6, 4, 55, 27, 214.15, 1),
(263, 80, 7, 3, 55, 15, 170.14, 1),
(264, 80, 7, 4, 55, 25, 158.25, 1),
(265, 80, 8, 3, 55, 29, 230.82, 1),
(266, 80, 8, 4, 55, 21, 229.37, 1),
(267, 80, 9, 3, 55, 26, 204.38, 1),
(268, 80, 9, 4, 55, 20, 183.79, 1),
(269, 80, 10, 3, 55, 29, 155.83, 1),
(270, 80, 10, 4, 55, 18, 177.76, 1),
(271, 80, 6, 3, 56, 30, 171.31, 1),
(272, 80, 6, 4, 56, 26, 173.28, 1),
(273, 80, 7, 3, 56, 12, 202.45, 1),
(274, 80, 7, 4, 56, 10, 242.41, 1),
(275, 80, 8, 3, 56, 27, 154.7, 1),
(276, 80, 8, 4, 56, 13, 196.29, 1),
(277, 80, 9, 3, 56, 14, 167.35, 1),
(278, 80, 9, 4, 56, 23, 197.88, 1),
(279, 80, 10, 3, 56, 21, 237.33, 1),
(280, 80, 10, 4, 56, 28, 243, 1),
(281, 82, 6, 3, 53, 27, 153.04, 1),
(282, 82, 6, 4, 53, 21, 186.21, 1),
(283, 82, 7, 3, 53, 14, 221.9, 1),
(284, 82, 7, 4, 53, 17, 200.87, 1),
(285, 82, 8, 3, 53, 11, 188.65, 1),
(286, 82, 8, 4, 53, 16, 190.64, 1),
(287, 82, 9, 3, 53, 17, 237.26, 1),
(288, 82, 9, 4, 53, 26, 164.39, 1),
(289, 82, 10, 3, 53, 28, 160.16, 1),
(290, 82, 10, 4, 53, 14, 157.61, 1),
(291, 82, 6, 3, 54, 14, 157.61, 1),
(292, 82, 6, 4, 54, 18, 165.18, 1),
(293, 82, 7, 3, 54, 19, 203.09, 1),
(294, 82, 7, 4, 54, 13, 169.92, 1),
(295, 82, 8, 3, 54, 14, 190.3, 1),
(296, 82, 8, 4, 54, 25, 191.77, 1),
(297, 82, 9, 3, 54, 10, 237.93, 1),
(298, 82, 9, 4, 54, 28, 164.36, 1),
(299, 82, 10, 3, 54, 19, 158.01, 1),
(300, 82, 10, 4, 54, 20, 246.95, 1),
(301, 82, 6, 3, 55, 12, 210.73, 1),
(302, 82, 6, 4, 55, 13, 162.81, 1),
(303, 82, 7, 3, 55, 15, 231.86, 1),
(304, 82, 7, 4, 55, 30, 220.86, 1),
(305, 82, 8, 3, 55, 13, 158.7, 1),
(306, 82, 8, 4, 55, 27, 180.96, 1),
(307, 82, 9, 3, 55, 26, 178.67, 1),
(308, 82, 9, 4, 55, 18, 200.49, 1),
(309, 82, 10, 3, 55, 21, 216.42, 1),
(310, 82, 10, 4, 55, 22, 230.63, 1),
(311, 82, 6, 3, 56, 17, 153.89, 1),
(312, 82, 6, 4, 56, 29, 227.56, 1),
(313, 82, 7, 3, 56, 25, 226.12, 1),
(314, 82, 7, 4, 56, 27, 197.95, 1),
(315, 82, 8, 3, 56, 11, 161.38, 1),
(316, 82, 8, 4, 56, 22, 163.04, 1),
(317, 82, 9, 3, 56, 26, 181.05, 1),
(318, 82, 9, 4, 56, 17, 166.12, 1),
(319, 82, 10, 3, 56, 17, 237.47, 1),
(320, 82, 10, 4, 56, 23, 239, 1),
(321, 85, 6, 3, 53, 12, 232.6, 1),
(322, 85, 6, 4, 53, 24, 195.97, 1),
(323, 85, 7, 3, 53, 15, 232.05, 1),
(324, 85, 7, 4, 53, 10, 222.34, 1),
(325, 85, 8, 3, 53, 18, 165.54, 1),
(326, 85, 8, 4, 53, 28, 210.69, 1),
(327, 85, 9, 3, 53, 16, 206.85, 1),
(328, 85, 9, 4, 53, 25, 152.17, 1),
(329, 85, 10, 3, 53, 28, 190.3, 1),
(330, 85, 10, 4, 53, 15, 245, 1),
(331, 85, 6, 3, 54, 19, 204.11, 1),
(332, 85, 6, 4, 54, 23, 235.53, 1),
(333, 85, 7, 3, 54, 25, 215.33, 1),
(334, 85, 7, 4, 54, 27, 220.06, 1),
(335, 85, 8, 3, 54, 11, 204.31, 1),
(336, 85, 8, 4, 54, 22, 211.35, 1),
(337, 85, 9, 3, 54, 30, 193.84, 1),
(338, 85, 9, 4, 54, 11, 185.14, 1),
(339, 85, 10, 3, 54, 14, 194.19, 1),
(340, 85, 10, 4, 54, 10, 165.52, 1),
(341, 85, 6, 3, 55, 18, 195.03, 1),
(342, 85, 6, 4, 55, 28, 228.58, 1),
(343, 85, 7, 3, 55, 17, 207.8, 1),
(344, 85, 7, 4, 55, 11, 203.27, 1),
(345, 85, 8, 3, 55, 14, 242.97, 1),
(346, 85, 8, 4, 55, 27, 155.03, 1),
(347, 85, 9, 3, 55, 24, 196.24, 1),
(348, 85, 9, 4, 55, 29, 166.09, 1),
(349, 85, 10, 3, 55, 23, 191.76, 1),
(350, 85, 10, 4, 55, 17, 210.51, 1),
(351, 85, 6, 3, 56, 26, 227.27, 1),
(352, 85, 6, 4, 56, 28, 154.81, 1),
(353, 85, 7, 3, 56, 11, 242.26, 1),
(354, 85, 7, 4, 56, 22, 196.88, 1),
(355, 85, 8, 3, 56, 25, 207.6, 1),
(356, 85, 8, 4, 56, 11, 197.38, 1),
(357, 85, 9, 3, 56, 11, 214.1, 1),
(358, 85, 9, 4, 56, 13, 228.35, 1),
(359, 85, 10, 3, 56, 19, 249.46, 1),
(360, 85, 10, 4, 56, 25, 212.23, 1),
(361, 87, 6, 3, 53, 21, 162.78, 1),
(362, 87, 6, 4, 53, 20, 227.22, 1),
(363, 87, 7, 3, 53, 26, 197.75, 1),
(364, 87, 7, 4, 53, 19, 157.08, 1),
(365, 87, 8, 3, 53, 28, 242.18, 1),
(366, 87, 8, 4, 53, 15, 189.63, 1),
(367, 87, 9, 3, 53, 18, 171.6, 1),
(368, 87, 9, 4, 53, 16, 239.14, 1),
(369, 87, 10, 3, 53, 16, 230.88, 1),
(370, 87, 10, 4, 53, 22, 186.99, 1),
(371, 87, 6, 3, 54, 13, 192.3, 1),
(372, 87, 6, 4, 54, 29, 150.51, 1),
(373, 87, 7, 3, 54, 16, 225.69, 1),
(374, 87, 7, 4, 54, 22, 226.89, 1),
(375, 87, 8, 3, 54, 12, 207.41, 1),
(376, 87, 8, 4, 54, 25, 206.37, 1),
(377, 87, 9, 3, 54, 17, 159.61, 1),
(378, 87, 9, 4, 54, 23, 228.92, 1),
(379, 87, 10, 3, 54, 13, 215.81, 1),
(380, 87, 10, 4, 54, 27, 242.26, 1),
(381, 87, 6, 3, 55, 26, 213.88, 1),
(382, 87, 6, 4, 55, 20, 192.64, 1),
(383, 87, 7, 3, 55, 12, 171.54, 1),
(384, 87, 7, 4, 55, 27, 229.8, 1),
(385, 87, 8, 3, 55, 12, 184.39, 1),
(386, 87, 8, 4, 55, 28, 182.53, 1),
(387, 87, 9, 3, 55, 14, 209.47, 1),
(388, 87, 9, 4, 55, 18, 249.79, 1),
(389, 87, 10, 3, 55, 15, 170.51, 1),
(390, 87, 10, 4, 55, 10, 153.18, 1),
(391, 87, 6, 3, 56, 18, 204.39, 1),
(392, 87, 6, 4, 56, 29, 212.39, 1),
(393, 87, 7, 3, 56, 23, 198.78, 1),
(394, 87, 7, 4, 56, 14, 206.73, 1),
(395, 87, 8, 3, 56, 15, 187.32, 1),
(396, 87, 8, 4, 56, 21, 166.41, 1),
(397, 87, 9, 3, 56, 29, 220.08, 1),
(398, 87, 9, 4, 56, 14, 151.16, 1),
(399, 87, 10, 3, 56, 11, 245.56, 1),
(400, 87, 10, 4, 56, 23, 224.31, 1),
(401, 88, 6, 3, 53, 13, 234.9, 1),
(402, 88, 6, 4, 53, 24, 151.54, 1),
(403, 88, 7, 3, 53, 13, 203.03, 1),
(404, 88, 7, 4, 53, 21, 210.5, 1),
(405, 88, 8, 3, 53, 17, 193.43, 1),
(406, 88, 8, 4, 53, 14, 185.63, 1),
(407, 88, 9, 3, 53, 26, 197.85, 1),
(408, 88, 9, 4, 53, 20, 182.38, 1),
(409, 88, 10, 3, 53, 10, 168.36, 1),
(410, 88, 10, 4, 53, 22, 244.64, 1),
(411, 88, 6, 3, 54, 28, 168.12, 1),
(412, 88, 6, 4, 54, 26, 156.7, 1),
(413, 88, 7, 3, 54, 14, 229.11, 1),
(414, 88, 7, 4, 54, 24, 225.47, 1),
(415, 88, 8, 3, 54, 25, 190, 1),
(416, 88, 8, 4, 54, 25, 223.61, 1),
(417, 88, 9, 3, 54, 22, 198.05, 1),
(418, 88, 9, 4, 54, 22, 169.43, 1),
(419, 88, 10, 3, 54, 14, 203, 1),
(420, 88, 10, 4, 54, 14, 156.7, 1),
(421, 88, 6, 3, 55, 19, 224.49, 1),
(422, 88, 6, 4, 55, 21, 202.37, 1),
(423, 88, 7, 3, 55, 19, 188.38, 1),
(424, 88, 7, 4, 55, 21, 184.8, 1),
(425, 88, 8, 3, 55, 17, 208.83, 1),
(426, 88, 8, 4, 55, 14, 239.78, 1),
(427, 88, 9, 3, 55, 26, 222.38, 1),
(428, 88, 9, 4, 55, 21, 242.57, 1),
(429, 88, 10, 3, 55, 16, 195.71, 1),
(430, 88, 10, 4, 55, 29, 200.85, 1),
(431, 88, 6, 3, 56, 25, 167.11, 1),
(432, 88, 6, 4, 56, 28, 183.01, 1),
(433, 88, 7, 3, 56, 15, 163.71, 1),
(434, 88, 7, 4, 56, 22, 219.54, 1),
(435, 88, 8, 3, 56, 16, 156.57, 1),
(436, 88, 8, 4, 56, 25, 174.24, 1),
(437, 88, 9, 3, 56, 24, 151.47, 1),
(438, 88, 9, 4, 56, 15, 184.62, 1),
(439, 88, 10, 3, 56, 14, 218.7, 1),
(440, 88, 10, 4, 56, 13, 189.66, 1),
(441, 89, 6, 3, 49, 14, 242.18, 1),
(442, 89, 6, 4, 49, 22, 191.94, 1),
(443, 89, 7, 3, 49, 16, 183.14, 1),
(444, 89, 7, 4, 49, 25, 189.9, 1),
(445, 89, 8, 3, 49, 25, 150.06, 1),
(446, 89, 8, 4, 49, 22, 230.61, 1),
(447, 89, 9, 3, 49, 23, 152.88, 1),
(448, 89, 9, 4, 49, 19, 222.54, 1),
(449, 89, 10, 3, 49, 15, 204.08, 1),
(450, 89, 10, 4, 49, 10, 202.77, 1),
(451, 89, 6, 3, 50, 17, 151.6, 1),
(452, 89, 6, 4, 50, 21, 199.72, 1),
(453, 89, 7, 3, 50, 26, 193.77, 1),
(454, 89, 7, 4, 50, 18, 219.68, 1),
(455, 89, 8, 3, 50, 23, 167.12, 1),
(456, 89, 8, 4, 50, 28, 226.53, 1),
(457, 89, 9, 3, 50, 22, 181.32, 1),
(458, 89, 9, 4, 50, 18, 176.99, 1),
(459, 89, 10, 3, 50, 11, 190.97, 1),
(460, 89, 10, 4, 50, 12, 173.92, 1),
(461, 89, 6, 3, 51, 18, 246.67, 1),
(462, 89, 6, 4, 51, 23, 161.6, 1),
(463, 89, 7, 3, 51, 12, 217.99, 1),
(464, 89, 7, 4, 51, 20, 155.14, 1),
(465, 89, 8, 3, 51, 16, 171.73, 1),
(466, 89, 8, 4, 51, 29, 243.25, 1),
(467, 89, 9, 3, 51, 27, 151.03, 1),
(468, 89, 9, 4, 51, 19, 175.4, 1),
(469, 89, 10, 3, 51, 22, 173.92, 1),
(470, 89, 10, 4, 51, 26, 193.4, 1),
(471, 89, 6, 3, 52, 11, 195.23, 1),
(472, 89, 6, 4, 52, 26, 245.94, 1),
(473, 89, 7, 3, 52, 29, 194.01, 1),
(474, 89, 7, 4, 52, 16, 182.24, 1),
(475, 89, 8, 3, 52, 23, 179.18, 1),
(476, 89, 8, 4, 52, 15, 199.19, 1),
(477, 89, 9, 3, 52, 19, 208.39, 1),
(478, 89, 9, 4, 52, 18, 194.39, 1),
(479, 89, 10, 3, 52, 22, 196.76, 1),
(480, 89, 10, 4, 52, 26, 150.63, 1),
(481, 90, 6, 3, 49, 16, 212.89, 1),
(482, 90, 6, 4, 49, 13, 162.56, 1),
(483, 90, 7, 3, 49, 27, 224.13, 1),
(484, 90, 7, 4, 49, 25, 182.98, 1),
(485, 90, 8, 3, 49, 12, 192.48, 1),
(486, 90, 8, 4, 49, 17, 163.47, 1),
(487, 90, 9, 3, 49, 20, 189.91, 1),
(488, 90, 9, 4, 49, 19, 209.13, 1),
(489, 90, 10, 3, 49, 24, 225.92, 1),
(490, 90, 10, 4, 49, 15, 152.23, 1),
(491, 90, 6, 3, 50, 10, 233.37, 1),
(492, 90, 6, 4, 50, 17, 160.17, 1),
(493, 90, 7, 3, 50, 23, 150.74, 1),
(494, 90, 7, 4, 50, 14, 223.18, 1),
(495, 90, 8, 3, 50, 10, 213.67, 1),
(496, 90, 8, 4, 50, 20, 248.82, 1),
(497, 90, 9, 3, 50, 20, 153.08, 1),
(498, 90, 9, 4, 50, 28, 168.95, 1),
(499, 90, 10, 3, 50, 30, 235.52, 1),
(500, 90, 10, 4, 50, 15, 220.75, 1),
(501, 90, 6, 3, 51, 18, 247.2, 1),
(502, 90, 6, 4, 51, 15, 223.74, 1),
(503, 90, 7, 3, 51, 11, 227.1, 1),
(504, 90, 7, 4, 51, 20, 214.26, 1),
(505, 90, 8, 3, 51, 18, 240.03, 1),
(506, 90, 8, 4, 51, 19, 207.38, 1),
(507, 90, 9, 3, 51, 12, 166.79, 1),
(508, 90, 9, 4, 51, 10, 161.81, 1),
(509, 90, 10, 3, 51, 27, 158.67, 1),
(510, 90, 10, 4, 51, 14, 157.91, 1),
(511, 90, 6, 3, 52, 19, 163.54, 1),
(512, 90, 6, 4, 52, 25, 193.99, 1),
(513, 90, 7, 3, 52, 15, 229.3, 1),
(514, 90, 7, 4, 52, 30, 214.55, 1),
(515, 90, 8, 3, 52, 15, 234.86, 1),
(516, 90, 8, 4, 52, 15, 180.63, 1),
(517, 90, 9, 3, 52, 21, 248.59, 1),
(518, 90, 9, 4, 52, 28, 151.05, 1),
(519, 90, 10, 3, 52, 30, 159.47, 1),
(520, 90, 10, 4, 52, 13, 194.2, 1),
(521, 91, 6, 3, 49, 27, 242.6, 1),
(522, 91, 6, 4, 49, 23, 180.39, 1),
(523, 91, 7, 3, 49, 27, 224.15, 1),
(524, 91, 7, 4, 49, 16, 229.6, 1),
(525, 91, 8, 3, 49, 11, 225.55, 1),
(526, 91, 8, 4, 49, 13, 188.95, 1),
(527, 91, 9, 3, 49, 24, 218.1, 1),
(528, 91, 9, 4, 49, 29, 173.64, 1),
(529, 91, 10, 3, 49, 23, 163.92, 1),
(530, 91, 10, 4, 49, 18, 248.67, 1),
(531, 91, 6, 3, 50, 13, 201.58, 1),
(532, 91, 6, 4, 50, 21, 211.9, 1),
(533, 91, 7, 3, 50, 16, 204.77, 1),
(534, 91, 7, 4, 50, 28, 238.15, 1),
(535, 91, 8, 3, 50, 21, 226.44, 1),
(536, 91, 8, 4, 50, 12, 167.77, 1),
(537, 91, 9, 3, 50, 25, 209.5, 1),
(538, 91, 9, 4, 50, 21, 194.19, 1),
(539, 91, 10, 3, 50, 18, 192.47, 1),
(540, 91, 10, 4, 50, 18, 229.78, 1),
(541, 91, 6, 3, 51, 27, 221.5, 1),
(542, 91, 6, 4, 51, 28, 168.15, 1),
(543, 91, 7, 3, 51, 12, 226.25, 1),
(544, 91, 7, 4, 51, 25, 176.81, 1),
(545, 91, 8, 3, 51, 18, 155.31, 1),
(546, 91, 8, 4, 51, 27, 196.1, 1),
(547, 91, 9, 3, 51, 11, 164.57, 1),
(548, 91, 9, 4, 51, 25, 184.56, 1),
(549, 91, 10, 3, 51, 20, 179.08, 1),
(550, 91, 10, 4, 51, 14, 191.72, 1),
(551, 91, 6, 3, 52, 21, 171.38, 1),
(552, 91, 6, 4, 52, 11, 231.71, 1),
(553, 91, 7, 3, 52, 24, 194.43, 1),
(554, 91, 7, 4, 52, 18, 227.02, 1),
(555, 91, 8, 3, 52, 29, 201.79, 1),
(556, 91, 8, 4, 52, 19, 177.91, 1),
(557, 91, 9, 3, 52, 18, 234.19, 1),
(558, 91, 9, 4, 52, 22, 187.21, 1),
(559, 91, 10, 3, 52, 26, 183.48, 1),
(560, 91, 10, 4, 52, 16, 205.79, 1),
(561, 92, 6, 3, 69, 30, 228.49, 1),
(562, 92, 6, 4, 69, 11, 175.06, 1),
(563, 92, 7, 3, 69, 16, 239.87, 1),
(564, 92, 7, 4, 69, 15, 224.14, 1),
(565, 92, 8, 3, 69, 19, 151.11, 1),
(566, 92, 8, 4, 69, 21, 233.11, 1),
(567, 92, 9, 3, 69, 19, 162.23, 1),
(568, 92, 9, 4, 69, 19, 161.8, 1),
(569, 92, 10, 3, 69, 29, 172.32, 1),
(570, 92, 10, 4, 69, 20, 226.22, 1),
(571, 92, 6, 3, 70, 21, 164.14, 1),
(572, 92, 6, 4, 70, 17, 192.05, 1),
(573, 92, 7, 3, 70, 11, 217.82, 1),
(574, 92, 7, 4, 70, 16, 162.94, 1),
(575, 92, 8, 3, 70, 15, 211.23, 1),
(576, 92, 8, 4, 70, 16, 217.32, 1),
(577, 92, 9, 3, 70, 25, 202.93, 1),
(578, 92, 9, 4, 70, 29, 212.69, 1),
(579, 92, 10, 3, 70, 20, 204.67, 1),
(580, 92, 10, 4, 70, 23, 235.28, 1),
(581, 92, 6, 3, 71, 25, 212.4, 1),
(582, 92, 6, 4, 71, 26, 206.14, 1),
(583, 92, 7, 3, 71, 27, 243.51, 1),
(584, 92, 7, 4, 71, 24, 249.11, 1),
(585, 92, 8, 3, 71, 29, 165.05, 1),
(586, 92, 8, 4, 71, 24, 227.91, 1),
(587, 92, 9, 3, 71, 21, 194.38, 1),
(588, 92, 9, 4, 71, 23, 238.17, 1),
(589, 92, 10, 3, 71, 25, 157.74, 1),
(590, 92, 10, 4, 71, 24, 224.17, 1),
(591, 92, 6, 3, 72, 15, 197.62, 1),
(592, 92, 6, 4, 72, 14, 165.62, 1),
(593, 92, 7, 3, 72, 17, 185.21, 1),
(594, 92, 7, 4, 72, 29, 179.22, 1),
(595, 92, 8, 3, 72, 28, 190.47, 1),
(596, 92, 8, 4, 72, 20, 164.66, 1),
(597, 92, 9, 3, 72, 25, 201.92, 1),
(598, 92, 9, 4, 72, 16, 165.6, 1),
(599, 92, 10, 3, 72, 13, 172.23, 1),
(600, 92, 10, 4, 72, 30, 214.38, 1),
(601, 94, 6, 3, 69, 20, 205.18, 1),
(602, 94, 6, 4, 69, 19, 232.79, 1),
(603, 94, 7, 3, 69, 24, 198.41, 1),
(604, 94, 7, 4, 69, 14, 243.66, 1),
(605, 94, 8, 3, 69, 27, 173.07, 1),
(606, 94, 8, 4, 69, 23, 184.38, 1),
(607, 94, 9, 3, 69, 24, 152.7, 1),
(608, 94, 9, 4, 69, 21, 160.34, 1),
(609, 94, 10, 3, 69, 25, 193.59, 1),
(610, 94, 10, 4, 69, 11, 236.94, 1),
(611, 94, 6, 3, 70, 11, 153.93, 1),
(612, 94, 6, 4, 70, 30, 208.84, 1),
(613, 94, 7, 3, 70, 27, 232.41, 1),
(614, 94, 7, 4, 70, 17, 185.51, 1),
(615, 94, 8, 3, 70, 14, 180.33, 1),
(616, 94, 8, 4, 70, 26, 195.13, 1),
(617, 94, 9, 3, 70, 22, 184.64, 1),
(618, 94, 9, 4, 70, 19, 187.81, 1),
(619, 94, 10, 3, 70, 19, 235.12, 1),
(620, 94, 10, 4, 70, 29, 162.16, 1),
(621, 94, 6, 3, 71, 18, 155.46, 1),
(622, 94, 6, 4, 71, 15, 240.83, 1),
(623, 94, 7, 3, 71, 29, 187.76, 1),
(624, 94, 7, 4, 71, 12, 166.3, 1),
(625, 94, 8, 3, 71, 20, 218.25, 1),
(626, 94, 8, 4, 71, 16, 242.32, 1),
(627, 94, 9, 3, 71, 11, 206.88, 1),
(628, 94, 9, 4, 71, 15, 157.41, 1),
(629, 94, 10, 3, 71, 12, 216.42, 1),
(630, 94, 10, 4, 71, 26, 159.88, 1),
(631, 94, 6, 3, 72, 25, 200.13, 1),
(632, 94, 6, 4, 72, 16, 171.03, 1),
(633, 94, 7, 3, 72, 17, 204.75, 1),
(634, 94, 7, 4, 72, 24, 160.65, 1),
(635, 94, 8, 3, 72, 20, 238.99, 1),
(636, 94, 8, 4, 72, 18, 163, 1),
(637, 94, 9, 3, 72, 20, 248.05, 1),
(638, 94, 9, 4, 72, 15, 201.25, 1),
(639, 94, 10, 3, 72, 24, 212.08, 1),
(640, 94, 10, 4, 72, 28, 206.66, 1),
(641, 96, 6, 3, 69, 16, 247.05, 1),
(642, 96, 6, 4, 69, 26, 165.28, 1),
(643, 96, 7, 3, 69, 14, 235.27, 1),
(644, 96, 7, 4, 69, 19, 230.48, 1),
(645, 96, 8, 3, 69, 24, 196.61, 1),
(646, 96, 8, 4, 69, 13, 241.59, 1),
(647, 96, 9, 3, 69, 22, 168.13, 1),
(648, 96, 9, 4, 69, 23, 165.88, 1),
(649, 96, 10, 3, 69, 19, 175.02, 1),
(650, 96, 10, 4, 69, 17, 227.44, 1),
(651, 96, 6, 3, 70, 16, 162.16, 1),
(652, 96, 6, 4, 70, 21, 178.48, 1),
(653, 96, 7, 3, 70, 24, 155.91, 1),
(654, 96, 7, 4, 70, 28, 194.13, 1),
(655, 96, 8, 3, 70, 19, 152.89, 1),
(656, 96, 8, 4, 70, 21, 232.07, 1),
(657, 96, 9, 3, 70, 17, 151.69, 1),
(658, 96, 9, 4, 70, 14, 212.25, 1),
(659, 96, 10, 3, 70, 26, 156.17, 1),
(660, 96, 10, 4, 70, 20, 194.11, 1),
(661, 96, 6, 3, 71, 30, 152.02, 1),
(662, 96, 6, 4, 71, 21, 227.77, 1),
(663, 96, 7, 3, 71, 23, 232.8, 1),
(664, 96, 7, 4, 71, 23, 230.68, 1),
(665, 96, 8, 3, 71, 17, 205, 1),
(666, 96, 8, 4, 71, 25, 182.96, 1),
(667, 96, 9, 3, 71, 26, 249.79, 1),
(668, 96, 9, 4, 71, 24, 150.09, 1),
(669, 96, 10, 3, 71, 10, 151.06, 1),
(670, 96, 10, 4, 71, 10, 155.05, 1),
(671, 96, 6, 3, 72, 11, 172.07, 1),
(672, 96, 6, 4, 72, 15, 245.2, 1),
(673, 96, 7, 3, 72, 29, 159.8, 1),
(674, 96, 7, 4, 72, 13, 213.4, 1),
(675, 96, 8, 3, 72, 25, 237.6, 1),
(676, 96, 8, 4, 72, 18, 197.79, 1),
(677, 96, 9, 3, 72, 25, 226.15, 1),
(678, 96, 9, 4, 72, 20, 187.36, 1),
(679, 96, 10, 3, 72, 16, 208.38, 1),
(680, 96, 10, 4, 72, 28, 229.82, 1),
(681, 99, 6, 3, 57, 21, 173.95, 1),
(682, 99, 6, 4, 57, 14, 230.29, 1),
(683, 99, 7, 3, 57, 15, 179.59, 1),
(684, 99, 7, 4, 57, 23, 157.08, 1),
(685, 99, 8, 3, 57, 22, 196.63, 1),
(686, 99, 8, 4, 57, 29, 161.91, 1),
(687, 99, 9, 3, 57, 29, 169.65, 1),
(688, 99, 9, 4, 57, 26, 212.54, 1),
(689, 99, 10, 3, 57, 17, 203.73, 1),
(690, 99, 10, 4, 57, 14, 231.02, 1),
(691, 99, 6, 3, 58, 29, 193.94, 1),
(692, 99, 6, 4, 58, 15, 226.61, 1),
(693, 99, 7, 3, 58, 16, 201.24, 1),
(694, 99, 7, 4, 58, 26, 176.36, 1),
(695, 99, 8, 3, 58, 10, 228.09, 1),
(696, 99, 8, 4, 58, 25, 161.38, 1),
(697, 99, 9, 3, 58, 25, 172.62, 1),
(698, 99, 9, 4, 58, 20, 228.95, 1),
(699, 99, 10, 3, 58, 16, 176.9, 1),
(700, 99, 10, 4, 58, 27, 247.63, 1),
(701, 99, 6, 3, 59, 20, 157.48, 1),
(702, 99, 6, 4, 59, 26, 194.51, 1),
(703, 99, 7, 3, 59, 21, 150.1, 1),
(704, 99, 7, 4, 59, 18, 216.98, 1),
(705, 99, 8, 3, 59, 14, 184.6, 1),
(706, 99, 8, 4, 59, 29, 222.06, 1),
(707, 99, 9, 3, 59, 13, 206.51, 1),
(708, 99, 9, 4, 59, 29, 216.36, 1),
(709, 99, 10, 3, 59, 14, 212.27, 1),
(710, 99, 10, 4, 59, 13, 162.29, 1),
(711, 99, 6, 3, 60, 15, 224.61, 1),
(712, 99, 6, 4, 60, 24, 186.2, 1),
(713, 99, 7, 3, 60, 25, 207.16, 1),
(714, 99, 7, 4, 60, 21, 227.19, 1),
(715, 99, 8, 3, 60, 24, 164.47, 1),
(716, 99, 8, 4, 60, 24, 190.78, 1),
(717, 99, 9, 3, 60, 18, 210.51, 1),
(718, 99, 9, 4, 60, 27, 230.21, 1),
(719, 99, 10, 3, 60, 12, 169.51, 1),
(720, 99, 10, 4, 60, 11, 206.92, 1),
(721, 100, 6, 3, 61, 29, 176.05, 1),
(722, 100, 6, 4, 61, 19, 209.51, 1),
(723, 100, 7, 3, 61, 21, 169.38, 1),
(724, 100, 7, 4, 61, 15, 168.38, 1),
(725, 100, 8, 3, 61, 23, 183.75, 1),
(726, 100, 8, 4, 61, 20, 163.62, 1),
(727, 100, 9, 3, 61, 19, 216.84, 1),
(728, 100, 9, 4, 61, 27, 243.36, 1),
(729, 100, 10, 3, 61, 29, 216.28, 1),
(730, 100, 10, 4, 61, 12, 201.33, 1),
(731, 100, 6, 3, 62, 25, 207.8, 1),
(732, 100, 6, 4, 62, 20, 185.02, 1),
(733, 100, 7, 3, 62, 13, 151.69, 1),
(734, 100, 7, 4, 62, 15, 153.38, 1),
(735, 100, 8, 3, 62, 24, 161.86, 1),
(736, 100, 8, 4, 62, 28, 199.13, 1),
(737, 100, 9, 3, 62, 18, 160.09, 1),
(738, 100, 9, 4, 62, 15, 153.07, 1),
(739, 100, 10, 3, 62, 11, 235.07, 1),
(740, 100, 10, 4, 62, 20, 166.16, 1),
(741, 100, 6, 3, 63, 16, 175.56, 1),
(742, 100, 6, 4, 63, 11, 229.32, 1),
(743, 100, 7, 3, 63, 19, 169.94, 1),
(744, 100, 7, 4, 63, 10, 211.72, 1),
(745, 100, 8, 3, 63, 24, 198.79, 1),
(746, 100, 8, 4, 63, 22, 208.78, 1),
(747, 100, 9, 3, 63, 25, 197.53, 1),
(748, 100, 9, 4, 63, 29, 211.31, 1),
(749, 100, 10, 3, 63, 19, 213.98, 1),
(750, 100, 10, 4, 63, 18, 185.96, 1),
(751, 100, 6, 3, 64, 24, 237.86, 1),
(752, 100, 6, 4, 64, 17, 181.4, 1),
(753, 100, 7, 3, 64, 21, 243.44, 1),
(754, 100, 7, 4, 64, 25, 223, 1),
(755, 100, 8, 3, 64, 10, 234.67, 1),
(756, 100, 8, 4, 64, 28, 154.36, 1),
(757, 100, 9, 3, 64, 18, 217.79, 1),
(758, 100, 9, 4, 64, 16, 175.87, 1),
(759, 100, 10, 3, 64, 14, 175.97, 1),
(760, 100, 10, 4, 64, 15, 202.23, 1),
(761, 101, 6, 3, 57, 23, 233.27, 1),
(762, 101, 6, 4, 57, 18, 209.65, 1),
(763, 101, 7, 3, 57, 10, 198.42, 1),
(764, 101, 7, 4, 57, 27, 213.18, 1),
(765, 101, 8, 3, 57, 17, 220.61, 1),
(766, 101, 8, 4, 57, 14, 213.54, 1),
(767, 101, 9, 3, 57, 29, 155.84, 1),
(768, 101, 9, 4, 57, 10, 188.58, 1),
(769, 101, 10, 3, 57, 16, 225.39, 1),
(770, 101, 10, 4, 57, 18, 211.21, 1),
(771, 101, 6, 3, 58, 14, 229.87, 1),
(772, 101, 6, 4, 58, 24, 165.73, 1),
(773, 101, 7, 3, 58, 10, 189.03, 1),
(774, 101, 7, 4, 58, 28, 197.98, 1),
(775, 101, 8, 3, 58, 19, 172.82, 1),
(776, 101, 8, 4, 58, 22, 220.13, 1),
(777, 101, 9, 3, 58, 24, 232.2, 1),
(778, 101, 9, 4, 58, 25, 150.59, 1),
(779, 101, 10, 3, 58, 20, 206.37, 1),
(780, 101, 10, 4, 58, 17, 230.1, 1),
(781, 101, 6, 3, 59, 14, 181.36, 1),
(782, 101, 6, 4, 59, 11, 166.49, 1),
(783, 101, 7, 3, 59, 21, 238.39, 1),
(784, 101, 7, 4, 59, 24, 242.5, 1),
(785, 101, 8, 3, 59, 25, 247.3, 1),
(786, 101, 8, 4, 59, 22, 159, 1),
(787, 101, 9, 3, 59, 28, 203.11, 1),
(788, 101, 9, 4, 59, 23, 188.56, 1),
(789, 101, 10, 3, 59, 20, 183.48, 1),
(790, 101, 10, 4, 59, 22, 201.71, 1),
(791, 101, 6, 3, 60, 21, 208.12, 1),
(792, 101, 6, 4, 60, 27, 185.48, 1),
(793, 101, 7, 3, 60, 21, 153.03, 1),
(794, 101, 7, 4, 60, 15, 158.7, 1),
(795, 101, 8, 3, 60, 22, 184.41, 1),
(796, 101, 8, 4, 60, 16, 195.97, 1),
(797, 101, 9, 3, 60, 22, 176.61, 1),
(798, 101, 9, 4, 60, 12, 245.13, 1),
(799, 101, 10, 3, 60, 24, 245.81, 1),
(800, 101, 10, 4, 60, 15, 243.65, 1),
(801, 102, 6, 3, 57, 13, 230.86, 1),
(802, 102, 6, 4, 57, 29, 173.32, 1),
(803, 102, 7, 3, 57, 17, 224.01, 1),
(804, 102, 7, 4, 57, 27, 150.11, 1),
(805, 102, 8, 3, 57, 15, 228.52, 1),
(806, 102, 8, 4, 57, 24, 242.27, 1),
(807, 102, 9, 3, 57, 25, 175.8, 1),
(808, 102, 9, 4, 57, 22, 202.17, 1),
(809, 102, 10, 3, 57, 24, 233.46, 1),
(810, 102, 10, 4, 57, 24, 210.79, 1),
(811, 102, 6, 3, 58, 18, 203.55, 1),
(812, 102, 6, 4, 58, 27, 235.38, 1),
(813, 102, 7, 3, 58, 13, 216.28, 1),
(814, 102, 7, 4, 58, 11, 225.23, 1),
(815, 102, 8, 3, 58, 29, 227.33, 1),
(816, 102, 8, 4, 58, 22, 210.95, 1),
(817, 102, 9, 3, 58, 11, 222.75, 1),
(818, 102, 9, 4, 58, 20, 230.92, 1),
(819, 102, 10, 3, 58, 18, 236.32, 1),
(820, 102, 10, 4, 58, 20, 238.86, 1),
(821, 102, 6, 3, 59, 15, 235.35, 1),
(822, 102, 6, 4, 59, 23, 210.15, 1),
(823, 102, 7, 3, 59, 23, 194.7, 1),
(824, 102, 7, 4, 59, 15, 193.06, 1),
(825, 102, 8, 3, 59, 14, 231.19, 1),
(826, 102, 8, 4, 59, 18, 226.78, 1),
(827, 102, 9, 3, 59, 15, 190.31, 1),
(828, 102, 9, 4, 59, 11, 221.23, 1),
(829, 102, 10, 3, 59, 23, 185.23, 1),
(830, 102, 10, 4, 59, 11, 212.43, 1),
(831, 102, 6, 3, 60, 15, 156.46, 1),
(832, 102, 6, 4, 60, 10, 195.03, 1),
(833, 102, 7, 3, 60, 18, 155.78, 1),
(834, 102, 7, 4, 60, 30, 243.78, 1),
(835, 102, 8, 3, 60, 25, 201.59, 1),
(836, 102, 8, 4, 60, 24, 226.61, 1),
(837, 102, 9, 3, 60, 16, 178.26, 1),
(838, 102, 9, 4, 60, 19, 161.49, 1),
(839, 102, 10, 3, 60, 17, 222.67, 1),
(840, 102, 10, 4, 60, 16, 178.88, 1),
(841, 103, 6, 3, 57, 22, 176.37, 1),
(842, 103, 6, 4, 57, 29, 195.24, 1),
(843, 103, 7, 3, 57, 10, 197.08, 1),
(844, 103, 7, 4, 57, 15, 249.69, 1),
(845, 103, 8, 3, 57, 12, 207.19, 1),
(846, 103, 8, 4, 57, 28, 236.89, 1),
(847, 103, 9, 3, 57, 12, 212.9, 1),
(848, 103, 9, 4, 57, 26, 203.81, 1),
(849, 103, 10, 3, 57, 24, 230.34, 1),
(850, 103, 10, 4, 57, 11, 190.28, 1),
(851, 103, 6, 3, 58, 14, 210.38, 1),
(852, 103, 6, 4, 58, 29, 231.07, 1),
(853, 103, 7, 3, 58, 30, 174.2, 1),
(854, 103, 7, 4, 58, 13, 227.77, 1),
(855, 103, 8, 3, 58, 25, 166.28, 1),
(856, 103, 8, 4, 58, 15, 198.06, 1),
(857, 103, 9, 3, 58, 10, 241.47, 1),
(858, 103, 9, 4, 58, 17, 163.16, 1),
(859, 103, 10, 3, 58, 25, 241.41, 1),
(860, 103, 10, 4, 58, 22, 167.58, 1),
(861, 103, 6, 3, 59, 27, 163.66, 1),
(862, 103, 6, 4, 59, 18, 165.54, 1),
(863, 103, 7, 3, 59, 21, 186.72, 1),
(864, 103, 7, 4, 59, 21, 187.01, 1),
(865, 103, 8, 3, 59, 30, 224.87, 1),
(866, 103, 8, 4, 59, 18, 213.32, 1),
(867, 103, 9, 3, 59, 28, 242, 1),
(868, 103, 9, 4, 59, 17, 220.05, 1),
(869, 103, 10, 3, 59, 29, 224.26, 1),
(870, 103, 10, 4, 59, 27, 211.14, 1),
(871, 103, 6, 3, 60, 16, 232.91, 1),
(872, 103, 6, 4, 60, 11, 181.12, 1),
(873, 103, 7, 3, 60, 18, 156.88, 1),
(874, 103, 7, 4, 60, 26, 191.02, 1),
(875, 103, 8, 3, 60, 27, 234.48, 1),
(876, 103, 8, 4, 60, 27, 249.33, 1),
(877, 103, 9, 3, 60, 23, 193.23, 1),
(878, 103, 9, 4, 60, 23, 168.16, 1),
(879, 103, 10, 3, 60, 18, 211.12, 1),
(880, 103, 10, 4, 60, 28, 201.09, 1),
(881, 104, 6, 3, 57, 19, 222.09, 1),
(882, 104, 6, 4, 57, 19, 157.2, 1),
(883, 104, 7, 3, 57, 28, 169.72, 1),
(884, 104, 7, 4, 57, 14, 227.01, 1),
(885, 104, 8, 3, 57, 17, 175.87, 1),
(886, 104, 8, 4, 57, 13, 248.32, 1),
(887, 104, 9, 3, 57, 24, 163.98, 1),
(888, 104, 9, 4, 57, 28, 224.94, 1),
(889, 104, 10, 3, 57, 22, 182.75, 1),
(890, 104, 10, 4, 57, 13, 188.96, 1),
(891, 104, 6, 3, 58, 29, 246.53, 1),
(892, 104, 6, 4, 58, 19, 215.77, 1),
(893, 104, 7, 3, 58, 15, 189.26, 1),
(894, 104, 7, 4, 58, 30, 248.98, 1),
(895, 104, 8, 3, 58, 13, 227.13, 1),
(896, 104, 8, 4, 58, 27, 238.71, 1),
(897, 104, 9, 3, 58, 27, 162.14, 1),
(898, 104, 9, 4, 58, 23, 244.59, 1),
(899, 104, 10, 3, 58, 22, 186.51, 1),
(900, 104, 10, 4, 58, 11, 248.8, 1),
(901, 104, 6, 3, 59, 21, 234.46, 1),
(902, 104, 6, 4, 59, 23, 175.92, 1),
(903, 104, 7, 3, 59, 20, 226.19, 1),
(904, 104, 7, 4, 59, 22, 153.21, 1),
(905, 104, 8, 3, 59, 19, 237.5, 1),
(906, 104, 8, 4, 59, 20, 177.83, 1),
(907, 104, 9, 3, 59, 13, 226.67, 1),
(908, 104, 9, 4, 59, 13, 249.86, 1),
(909, 104, 10, 3, 59, 18, 219.29, 1),
(910, 104, 10, 4, 59, 20, 196.89, 1),
(911, 104, 6, 3, 60, 17, 176.54, 1),
(912, 104, 6, 4, 60, 14, 242.07, 1),
(913, 104, 7, 3, 60, 30, 230.7, 1),
(914, 104, 7, 4, 60, 16, 177.28, 1),
(915, 104, 8, 3, 60, 20, 244.33, 1),
(916, 104, 8, 4, 60, 23, 239.82, 1),
(917, 104, 9, 3, 60, 23, 216.07, 1),
(918, 104, 9, 4, 60, 18, 210.93, 1),
(919, 104, 10, 3, 60, 12, 156.41, 1),
(920, 104, 10, 4, 60, 15, 199.26, 1),
(921, 105, 6, 3, 57, 27, 177.06, 1),
(922, 105, 6, 4, 57, 21, 237.53, 1),
(923, 105, 7, 3, 57, 13, 206.49, 1),
(924, 105, 7, 4, 57, 13, 169.84, 1),
(925, 105, 8, 3, 57, 14, 179.72, 1),
(926, 105, 8, 4, 57, 22, 239.1, 1),
(927, 105, 9, 3, 57, 16, 206.34, 1),
(928, 105, 9, 4, 57, 27, 164.39, 1),
(929, 105, 10, 3, 57, 17, 152.93, 1),
(930, 105, 10, 4, 57, 11, 221.48, 1),
(931, 105, 6, 3, 58, 17, 198.63, 1),
(932, 105, 6, 4, 58, 21, 178.68, 1),
(933, 105, 7, 3, 58, 25, 247.52, 1),
(934, 105, 7, 4, 58, 10, 151.57, 1),
(935, 105, 8, 3, 58, 28, 165.3, 1),
(936, 105, 8, 4, 58, 17, 221.76, 1),
(937, 105, 9, 3, 58, 13, 162.93, 1),
(938, 105, 9, 4, 58, 23, 199.38, 1),
(939, 105, 10, 3, 58, 26, 158.07, 1),
(940, 105, 10, 4, 58, 12, 242.25, 1),
(941, 105, 6, 3, 59, 13, 187.01, 1),
(942, 105, 6, 4, 59, 16, 158.32, 1),
(943, 105, 7, 3, 59, 12, 180.56, 1),
(944, 105, 7, 4, 59, 20, 177.84, 1),
(945, 105, 8, 3, 59, 17, 197.52, 1),
(946, 105, 8, 4, 59, 13, 204.06, 1),
(947, 105, 9, 3, 59, 26, 177.76, 1),
(948, 105, 9, 4, 59, 19, 226.62, 1),
(949, 105, 10, 3, 59, 29, 249.83, 1),
(950, 105, 10, 4, 59, 16, 219.3, 1),
(951, 105, 6, 3, 60, 23, 196.98, 1),
(952, 105, 6, 4, 60, 19, 177.01, 1),
(953, 105, 7, 3, 60, 16, 244.09, 1),
(954, 105, 7, 4, 60, 11, 239.44, 1),
(955, 105, 8, 3, 60, 18, 214.91, 1),
(956, 105, 8, 4, 60, 28, 206.22, 1),
(957, 105, 9, 3, 60, 16, 236.4, 1),
(958, 105, 9, 4, 60, 25, 213.34, 1),
(959, 105, 10, 3, 60, 26, 207.48, 1),
(960, 105, 10, 4, 60, 27, 247.37, 1),
(961, 106, 6, 3, 57, 27, 164.42, 1),
(962, 106, 6, 4, 57, 22, 230.01, 1),
(963, 106, 7, 3, 57, 19, 206.76, 1),
(964, 106, 7, 4, 57, 21, 193.78, 1),
(965, 106, 8, 3, 57, 17, 198.62, 1),
(966, 106, 8, 4, 57, 11, 161.76, 1),
(967, 106, 9, 3, 57, 16, 162.96, 1),
(968, 106, 9, 4, 57, 17, 179.51, 1),
(969, 106, 10, 3, 57, 27, 158.66, 1),
(970, 106, 10, 4, 57, 14, 204.77, 1),
(971, 106, 6, 3, 58, 18, 197.89, 1),
(972, 106, 6, 4, 58, 19, 225.11, 1),
(973, 106, 7, 3, 58, 12, 181.89, 1),
(974, 106, 7, 4, 58, 13, 184.14, 1),
(975, 106, 8, 3, 58, 20, 225.02, 1),
(976, 106, 8, 4, 58, 29, 222.67, 1),
(977, 106, 9, 3, 58, 15, 188.31, 1),
(978, 106, 9, 4, 58, 18, 223.53, 1),
(979, 106, 10, 3, 58, 16, 202.71, 1),
(980, 106, 10, 4, 58, 17, 192.98, 1),
(981, 106, 6, 3, 59, 24, 206.78, 1),
(982, 106, 6, 4, 59, 22, 204.93, 1),
(983, 106, 7, 3, 59, 28, 154.32, 1),
(984, 106, 7, 4, 59, 23, 206.81, 1),
(985, 106, 8, 3, 59, 22, 221.09, 1),
(986, 106, 8, 4, 59, 12, 235.01, 1),
(987, 106, 9, 3, 59, 22, 161.77, 1),
(988, 106, 9, 4, 59, 26, 153.85, 1),
(989, 106, 10, 3, 59, 12, 233.93, 1),
(990, 106, 10, 4, 59, 12, 158.08, 1),
(991, 106, 6, 3, 60, 17, 238.63, 1),
(992, 106, 6, 4, 60, 16, 168.89, 1),
(993, 106, 7, 3, 60, 18, 178.57, 1),
(994, 106, 7, 4, 60, 14, 236.17, 1),
(995, 106, 8, 3, 60, 25, 195.15, 1),
(996, 106, 8, 4, 60, 12, 217.26, 1),
(997, 106, 9, 3, 60, 17, 150.83, 1),
(998, 106, 9, 4, 60, 18, 152.37, 1),
(999, 106, 10, 3, 60, 29, 159.36, 1),
(1000, 106, 10, 4, 60, 19, 189.69, 1),
(1001, 107, 6, 3, 57, 21, 220.37, 1),
(1002, 107, 6, 4, 57, 18, 182.77, 1),
(1003, 107, 7, 3, 57, 14, 202.73, 1),
(1004, 107, 7, 4, 57, 28, 215.35, 1),
(1005, 107, 8, 3, 57, 29, 218.58, 1),
(1006, 107, 8, 4, 57, 30, 196.82, 1),
(1007, 107, 9, 3, 57, 11, 178.36, 1),
(1008, 107, 9, 4, 57, 17, 151.35, 1),
(1009, 107, 10, 3, 57, 22, 171.67, 1),
(1010, 107, 10, 4, 57, 28, 154.28, 1),
(1011, 107, 6, 3, 58, 23, 206.4, 1),
(1012, 107, 6, 4, 58, 21, 219.17, 1),
(1013, 107, 7, 3, 58, 27, 226.65, 1),
(1014, 107, 7, 4, 58, 20, 225.74, 1),
(1015, 107, 8, 3, 58, 30, 198.75, 1),
(1016, 107, 8, 4, 58, 20, 166.51, 1),
(1017, 107, 9, 3, 58, 19, 186.32, 1),
(1018, 107, 9, 4, 58, 25, 182.06, 1),
(1019, 107, 10, 3, 58, 20, 201.33, 1),
(1020, 107, 10, 4, 58, 13, 210.49, 1),
(1021, 107, 6, 3, 59, 16, 198.44, 1),
(1022, 107, 6, 4, 59, 11, 210.73, 1),
(1023, 107, 7, 3, 59, 17, 208.35, 1),
(1024, 107, 7, 4, 59, 20, 159.56, 1),
(1025, 107, 8, 3, 59, 20, 222.74, 1),
(1026, 107, 8, 4, 59, 12, 185.01, 1),
(1027, 107, 9, 3, 59, 10, 206.83, 1),
(1028, 107, 9, 4, 59, 24, 229.12, 1),
(1029, 107, 10, 3, 59, 19, 175.11, 1),
(1030, 107, 10, 4, 59, 13, 238.21, 1),
(1031, 107, 6, 3, 60, 17, 215.71, 1),
(1032, 107, 6, 4, 60, 16, 213.91, 1),
(1033, 107, 7, 3, 60, 22, 172.43, 1),
(1034, 107, 7, 4, 60, 28, 170.42, 1),
(1035, 107, 8, 3, 60, 27, 184.79, 1),
(1036, 107, 8, 4, 60, 21, 162.72, 1),
(1037, 107, 9, 3, 60, 12, 209.21, 1),
(1038, 107, 9, 4, 60, 27, 207.9, 1),
(1039, 107, 10, 3, 60, 12, 161.86, 1),
(1040, 107, 10, 4, 60, 26, 235.6, 1),
(1041, 108, 6, 3, 57, 24, 242.44, 1),
(1042, 108, 6, 4, 57, 14, 155.38, 1),
(1043, 108, 7, 3, 57, 26, 199.57, 1),
(1044, 108, 7, 4, 57, 19, 181.7, 1),
(1045, 108, 8, 3, 57, 28, 159.82, 1),
(1046, 108, 8, 4, 57, 11, 203.98, 1),
(1047, 108, 9, 3, 57, 22, 190.45, 1),
(1048, 108, 9, 4, 57, 27, 190.29, 1),
(1049, 108, 10, 3, 57, 18, 230.11, 1),
(1050, 108, 10, 4, 57, 22, 229.66, 1),
(1051, 108, 6, 3, 58, 23, 208, 1),
(1052, 108, 6, 4, 58, 21, 201, 1),
(1053, 108, 7, 3, 58, 26, 231.02, 1),
(1054, 108, 7, 4, 58, 16, 202.1, 1),
(1055, 108, 8, 3, 58, 13, 167.45, 1),
(1056, 108, 8, 4, 58, 26, 180.93, 1),
(1057, 108, 9, 3, 58, 22, 152.32, 1),
(1058, 108, 9, 4, 58, 22, 168.82, 1),
(1059, 108, 10, 3, 58, 15, 237.11, 1),
(1060, 108, 10, 4, 58, 20, 229.09, 1),
(1061, 108, 6, 3, 59, 24, 184.13, 1),
(1062, 108, 6, 4, 59, 10, 183.37, 1),
(1063, 108, 7, 3, 59, 29, 214.47, 1),
(1064, 108, 7, 4, 59, 24, 172.24, 1),
(1065, 108, 8, 3, 59, 21, 167.8, 1),
(1066, 108, 8, 4, 59, 25, 172.26, 1),
(1067, 108, 9, 3, 59, 11, 207.92, 1),
(1068, 108, 9, 4, 59, 11, 172.8, 1),
(1069, 108, 10, 3, 59, 10, 190.24, 1),
(1070, 108, 10, 4, 59, 30, 182.81, 1),
(1071, 108, 6, 3, 60, 27, 193.34, 1),
(1072, 108, 6, 4, 60, 14, 168.24, 1),
(1073, 108, 7, 3, 60, 23, 211.2, 1),
(1074, 108, 7, 4, 60, 19, 201.27, 1),
(1075, 108, 8, 3, 60, 18, 222.77, 1),
(1076, 108, 8, 4, 60, 25, 160.01, 1),
(1077, 108, 9, 3, 60, 17, 181.76, 1),
(1078, 108, 9, 4, 60, 23, 178.77, 1),
(1079, 108, 10, 3, 60, 14, 198.55, 1),
(1080, 108, 10, 4, 60, 12, 206.47, 1),
(1081, 109, 6, 3, 57, 25, 186.67, 1),
(1082, 109, 6, 4, 57, 20, 163.95, 1),
(1083, 109, 7, 3, 57, 14, 209.75, 1),
(1084, 109, 7, 4, 57, 23, 206.9, 1),
(1085, 109, 8, 3, 57, 20, 155.23, 1),
(1086, 109, 8, 4, 57, 21, 205.45, 1),
(1087, 109, 9, 3, 57, 18, 211.57, 1),
(1088, 109, 9, 4, 57, 14, 191.49, 1),
(1089, 109, 10, 3, 57, 25, 172.76, 1),
(1090, 109, 10, 4, 57, 16, 239.34, 1),
(1091, 109, 6, 3, 58, 13, 228.41, 1),
(1092, 109, 6, 4, 58, 26, 174.03, 1),
(1093, 109, 7, 3, 58, 22, 234.93, 1),
(1094, 109, 7, 4, 58, 21, 202.55, 1),
(1095, 109, 8, 3, 58, 11, 157.98, 1),
(1096, 109, 8, 4, 58, 21, 232.22, 1),
(1097, 109, 9, 3, 58, 22, 237.18, 1),
(1098, 109, 9, 4, 58, 17, 239.24, 1),
(1099, 109, 10, 3, 58, 10, 234.67, 1),
(1100, 109, 10, 4, 58, 29, 205.64, 1),
(1101, 109, 6, 3, 59, 26, 174.17, 1),
(1102, 109, 6, 4, 59, 10, 203.94, 1),
(1103, 109, 7, 3, 59, 24, 247.17, 1),
(1104, 109, 7, 4, 59, 19, 174.06, 1),
(1105, 109, 8, 3, 59, 15, 178.77, 1),
(1106, 109, 8, 4, 59, 27, 221.66, 1),
(1107, 109, 9, 3, 59, 18, 221.99, 1),
(1108, 109, 9, 4, 59, 21, 194.96, 1),
(1109, 109, 10, 3, 59, 20, 158.83, 1),
(1110, 109, 10, 4, 59, 27, 159.29, 1),
(1111, 109, 6, 3, 60, 25, 169.95, 1),
(1112, 109, 6, 4, 60, 14, 221.9, 1),
(1113, 109, 7, 3, 60, 26, 249.62, 1),
(1114, 109, 7, 4, 60, 19, 232.43, 1),
(1115, 109, 8, 3, 60, 25, 163.26, 1),
(1116, 109, 8, 4, 60, 17, 169.01, 1),
(1117, 109, 9, 3, 60, 22, 205.27, 1),
(1118, 109, 9, 4, 60, 28, 169.3, 1),
(1119, 109, 10, 3, 60, 26, 180.73, 1),
(1120, 109, 10, 4, 60, 13, 245.73, 1),
(1121, 110, 6, 3, 57, 19, 236.45, 1),
(1122, 110, 6, 4, 57, 26, 195.08, 1),
(1123, 110, 7, 3, 57, 24, 216.03, 1),
(1124, 110, 7, 4, 57, 11, 244.9, 1),
(1125, 110, 8, 3, 57, 15, 226.43, 1),
(1126, 110, 8, 4, 57, 30, 247.44, 1),
(1127, 110, 9, 3, 57, 15, 207.93, 1),
(1128, 110, 9, 4, 57, 17, 247.32, 1),
(1129, 110, 10, 3, 57, 30, 162.79, 1),
(1130, 110, 10, 4, 57, 26, 222, 1),
(1131, 110, 6, 3, 58, 13, 171.65, 1),
(1132, 110, 6, 4, 58, 15, 242.23, 1),
(1133, 110, 7, 3, 58, 26, 246.21, 1),
(1134, 110, 7, 4, 58, 16, 154.35, 1),
(1135, 110, 8, 3, 58, 14, 183.13, 1),
(1136, 110, 8, 4, 58, 29, 202.6, 1),
(1137, 110, 9, 3, 58, 16, 213.61, 1),
(1138, 110, 9, 4, 58, 20, 210.25, 1),
(1139, 110, 10, 3, 58, 23, 160.43, 1),
(1140, 110, 10, 4, 58, 24, 221.37, 1),
(1141, 110, 6, 3, 59, 20, 175.59, 1),
(1142, 110, 6, 4, 59, 18, 163.82, 1),
(1143, 110, 7, 3, 59, 21, 242.35, 1),
(1144, 110, 7, 4, 59, 23, 170.29, 1),
(1145, 110, 8, 3, 59, 20, 174.4, 1),
(1146, 110, 8, 4, 59, 20, 211.14, 1),
(1147, 110, 9, 3, 59, 29, 182.5, 1),
(1148, 110, 9, 4, 59, 17, 229.07, 1),
(1149, 110, 10, 3, 59, 29, 247.86, 1),
(1150, 110, 10, 4, 59, 22, 202.09, 1),
(1151, 110, 6, 3, 60, 16, 216.89, 1),
(1152, 110, 6, 4, 60, 20, 228.15, 1),
(1153, 110, 7, 3, 60, 25, 240.09, 1),
(1154, 110, 7, 4, 60, 14, 166, 1),
(1155, 110, 8, 3, 60, 23, 159.74, 1),
(1156, 110, 8, 4, 60, 25, 150.69, 1),
(1157, 110, 9, 3, 60, 26, 224.24, 1),
(1158, 110, 9, 4, 60, 27, 219.12, 1),
(1159, 110, 10, 3, 60, 24, 172.88, 1),
(1160, 110, 10, 4, 60, 28, 157.04, 1),
(1161, 111, 6, 3, 77, 19, 216.56, 1),
(1162, 111, 6, 4, 77, 21, 161.68, 1),
(1163, 111, 7, 3, 77, 18, 208.73, 1),
(1164, 111, 7, 4, 77, 17, 208.59, 1),
(1165, 111, 8, 3, 77, 19, 166.76, 1),
(1166, 111, 8, 4, 77, 16, 158.02, 1),
(1167, 111, 9, 3, 77, 12, 239.83, 1),
(1168, 111, 9, 4, 77, 24, 175.07, 1),
(1169, 111, 10, 3, 77, 13, 205.87, 1),
(1170, 111, 10, 4, 77, 21, 154.16, 1),
(1171, 111, 6, 3, 78, 18, 203.17, 1),
(1172, 111, 6, 4, 78, 15, 203.39, 1),
(1173, 111, 7, 3, 78, 14, 157.44, 1),
(1174, 111, 7, 4, 78, 13, 227.02, 1),
(1175, 111, 8, 3, 78, 14, 212.79, 1),
(1176, 111, 8, 4, 78, 21, 232.87, 1),
(1177, 111, 9, 3, 78, 12, 175.98, 1),
(1178, 111, 9, 4, 78, 27, 231.28, 1),
(1179, 111, 10, 3, 78, 11, 178.46, 1),
(1180, 111, 10, 4, 78, 21, 248.46, 1),
(1181, 111, 6, 3, 79, 25, 156.91, 1),
(1182, 111, 6, 4, 79, 10, 189.18, 1),
(1183, 111, 7, 3, 79, 26, 225.17, 1),
(1184, 111, 7, 4, 79, 29, 208.31, 1),
(1185, 111, 8, 3, 79, 19, 216.05, 1),
(1186, 111, 8, 4, 79, 19, 205.3, 1),
(1187, 111, 9, 3, 79, 26, 228.35, 1),
(1188, 111, 9, 4, 79, 25, 175.86, 1),
(1189, 111, 10, 3, 79, 15, 244.25, 1),
(1190, 111, 10, 4, 79, 29, 243.68, 1),
(1191, 111, 6, 3, 80, 30, 235.66, 1),
(1192, 111, 6, 4, 80, 12, 197.23, 1),
(1193, 111, 7, 3, 80, 21, 229.19, 1),
(1194, 111, 7, 4, 80, 18, 204.25, 1),
(1195, 111, 8, 3, 80, 18, 183.67, 1),
(1196, 111, 8, 4, 80, 27, 155.6, 1),
(1197, 111, 9, 3, 80, 30, 177.01, 1),
(1198, 111, 9, 4, 80, 18, 168.25, 1),
(1199, 111, 10, 3, 80, 11, 160.2, 1),
(1200, 111, 10, 4, 80, 12, 246.26, 1),
(1201, 116, 6, 3, 61, 17, 200.71, 1),
(1202, 116, 6, 4, 61, 18, 214.78, 1),
(1203, 116, 7, 3, 61, 28, 221.74, 1),
(1204, 116, 7, 4, 61, 15, 214.37, 1),
(1205, 116, 8, 3, 61, 24, 156.63, 1),
(1206, 116, 8, 4, 61, 23, 190.04, 1),
(1207, 116, 9, 3, 61, 13, 230.32, 1),
(1208, 116, 9, 4, 61, 25, 231.45, 1),
(1209, 116, 10, 3, 61, 18, 216.32, 1),
(1210, 116, 10, 4, 61, 24, 237.22, 1),
(1211, 116, 6, 3, 62, 15, 187.17, 1),
(1212, 116, 6, 4, 62, 12, 174.2, 1),
(1213, 116, 7, 3, 62, 28, 159.46, 1),
(1214, 116, 7, 4, 62, 13, 224.72, 1),
(1215, 116, 8, 3, 62, 12, 195.23, 1),
(1216, 116, 8, 4, 62, 11, 151.96, 1),
(1217, 116, 9, 3, 62, 30, 224.12, 1),
(1218, 116, 9, 4, 62, 25, 214.74, 1),
(1219, 116, 10, 3, 62, 24, 151.31, 1),
(1220, 116, 10, 4, 62, 14, 162.33, 1),
(1221, 116, 6, 3, 63, 11, 207.72, 1),
(1222, 116, 6, 4, 63, 20, 201.63, 1),
(1223, 116, 7, 3, 63, 19, 234.98, 1),
(1224, 116, 7, 4, 63, 25, 220, 1),
(1225, 116, 8, 3, 63, 16, 245.07, 1),
(1226, 116, 8, 4, 63, 15, 215.34, 1),
(1227, 116, 9, 3, 63, 19, 191.48, 1),
(1228, 116, 9, 4, 63, 20, 161.38, 1),
(1229, 116, 10, 3, 63, 11, 182.46, 1),
(1230, 116, 10, 4, 63, 27, 178.18, 1),
(1231, 116, 6, 3, 64, 13, 193.52, 1),
(1232, 116, 6, 4, 64, 12, 183.07, 1),
(1233, 116, 7, 3, 64, 12, 184.76, 1),
(1234, 116, 7, 4, 64, 14, 224.6, 1),
(1235, 116, 8, 3, 64, 25, 218.71, 1),
(1236, 116, 8, 4, 64, 14, 169.74, 1),
(1237, 116, 9, 3, 64, 22, 242.59, 1),
(1238, 116, 9, 4, 64, 21, 153.74, 1),
(1239, 116, 10, 3, 64, 26, 190.91, 1),
(1240, 116, 10, 4, 64, 19, 243.36, 1),
(1241, 118, 6, 3, 61, 27, 194.04, 1),
(1242, 118, 6, 4, 61, 28, 190.13, 1),
(1243, 118, 7, 3, 61, 10, 218.52, 1),
(1244, 118, 7, 4, 61, 16, 172.21, 1),
(1245, 118, 8, 3, 61, 20, 155.48, 1),
(1246, 118, 8, 4, 61, 21, 210.79, 1),
(1247, 118, 9, 3, 61, 16, 237.51, 1),
(1248, 118, 9, 4, 61, 25, 205.18, 1),
(1249, 118, 10, 3, 61, 26, 163.37, 1),
(1250, 118, 10, 4, 61, 28, 151.31, 1),
(1251, 118, 6, 3, 62, 11, 216.42, 1),
(1252, 118, 6, 4, 62, 23, 178.2, 1),
(1253, 118, 7, 3, 62, 10, 191.72, 1),
(1254, 118, 7, 4, 62, 13, 174.01, 1),
(1255, 118, 8, 3, 62, 25, 244.9, 1),
(1256, 118, 8, 4, 62, 14, 152.47, 1),
(1257, 118, 9, 3, 62, 27, 177.64, 1),
(1258, 118, 9, 4, 62, 22, 180.8, 1),
(1259, 118, 10, 3, 62, 19, 221.09, 1),
(1260, 118, 10, 4, 62, 19, 213.04, 1),
(1261, 118, 6, 3, 63, 10, 151.95, 1),
(1262, 118, 6, 4, 63, 22, 170.6, 1),
(1263, 118, 7, 3, 63, 11, 247.16, 1),
(1264, 118, 7, 4, 63, 18, 174.01, 1),
(1265, 118, 8, 3, 63, 27, 178.55, 1),
(1266, 118, 8, 4, 63, 13, 220.75, 1),
(1267, 118, 9, 3, 63, 13, 218.08, 1),
(1268, 118, 9, 4, 63, 14, 178.15, 1),
(1269, 118, 10, 3, 63, 21, 186.5, 1),
(1270, 118, 10, 4, 63, 15, 248.08, 1),
(1271, 118, 6, 3, 64, 21, 230.87, 1),
(1272, 118, 6, 4, 64, 29, 160.13, 1),
(1273, 118, 7, 3, 64, 12, 158.03, 1),
(1274, 118, 7, 4, 64, 22, 159.75, 1),
(1275, 118, 8, 3, 64, 25, 174.67, 1),
(1276, 118, 8, 4, 64, 28, 244.09, 1),
(1277, 118, 9, 3, 64, 18, 246.46, 1),
(1278, 118, 9, 4, 64, 13, 150.01, 1),
(1279, 118, 10, 3, 64, 21, 160.66, 1),
(1280, 118, 10, 4, 64, 15, 203.29, 1),
(1281, 119, 6, 3, 61, 22, 184.45, 1),
(1282, 119, 6, 4, 61, 16, 162.38, 1),
(1283, 119, 7, 3, 61, 24, 208.55, 1),
(1284, 119, 7, 4, 61, 22, 205.61, 1),
(1285, 119, 8, 3, 61, 28, 152.4, 1),
(1286, 119, 8, 4, 61, 24, 195.15, 1),
(1287, 119, 9, 3, 61, 28, 168.59, 1),
(1288, 119, 9, 4, 61, 15, 207.47, 1),
(1289, 119, 10, 3, 61, 22, 181.58, 1),
(1290, 119, 10, 4, 61, 14, 235.51, 1),
(1291, 119, 6, 3, 62, 16, 182.78, 1),
(1292, 119, 6, 4, 62, 26, 157.4, 1),
(1293, 119, 7, 3, 62, 13, 188.66, 1),
(1294, 119, 7, 4, 62, 18, 221.11, 1),
(1295, 119, 8, 3, 62, 20, 189.57, 1),
(1296, 119, 8, 4, 62, 17, 234.5, 1),
(1297, 119, 9, 3, 62, 15, 153.78, 1),
(1298, 119, 9, 4, 62, 13, 215.42, 1),
(1299, 119, 10, 3, 62, 12, 165.76, 1),
(1300, 119, 10, 4, 62, 28, 232.53, 1),
(1301, 119, 6, 3, 63, 16, 215.36, 1),
(1302, 119, 6, 4, 63, 27, 229.2, 1),
(1303, 119, 7, 3, 63, 16, 249.94, 1),
(1304, 119, 7, 4, 63, 29, 212.11, 1),
(1305, 119, 8, 3, 63, 26, 160.7, 1),
(1306, 119, 8, 4, 63, 13, 217.19, 1),
(1307, 119, 9, 3, 63, 18, 153.84, 1),
(1308, 119, 9, 4, 63, 22, 167.64, 1),
(1309, 119, 10, 3, 63, 26, 226.69, 1),
(1310, 119, 10, 4, 63, 13, 180.53, 1),
(1311, 119, 6, 3, 64, 18, 172.58, 1),
(1312, 119, 6, 4, 64, 21, 171.33, 1),
(1313, 119, 7, 3, 64, 19, 188.87, 1),
(1314, 119, 7, 4, 64, 25, 180.39, 1),
(1315, 119, 8, 3, 64, 17, 185.33, 1),
(1316, 119, 8, 4, 64, 21, 235.49, 1),
(1317, 119, 9, 3, 64, 22, 171.47, 1),
(1318, 119, 9, 4, 64, 19, 200.88, 1),
(1319, 119, 10, 3, 64, 17, 239.99, 1),
(1320, 119, 10, 4, 64, 21, 247.32, 1),
(1321, 120, 6, 3, 61, 21, 166.61, 1),
(1322, 120, 6, 4, 61, 13, 241.09, 1),
(1323, 120, 7, 3, 61, 13, 155.64, 1),
(1324, 120, 7, 4, 61, 14, 204.93, 1),
(1325, 120, 8, 3, 61, 20, 207.71, 1),
(1326, 120, 8, 4, 61, 11, 173.79, 1),
(1327, 120, 9, 3, 61, 22, 195.8, 1),
(1328, 120, 9, 4, 61, 29, 207.62, 1),
(1329, 120, 10, 3, 61, 28, 200.7, 1),
(1330, 120, 10, 4, 61, 22, 230.65, 1),
(1331, 120, 6, 3, 62, 15, 201.15, 1),
(1332, 120, 6, 4, 62, 22, 163.78, 1),
(1333, 120, 7, 3, 62, 15, 165.48, 1),
(1334, 120, 7, 4, 62, 18, 186.04, 1),
(1335, 120, 8, 3, 62, 16, 183.78, 1),
(1336, 120, 8, 4, 62, 15, 210.77, 1),
(1337, 120, 9, 3, 62, 17, 152.5, 1),
(1338, 120, 9, 4, 62, 11, 180.18, 1),
(1339, 120, 10, 3, 62, 15, 193.42, 1),
(1340, 120, 10, 4, 62, 29, 176.56, 1),
(1341, 120, 6, 3, 63, 10, 152.52, 1),
(1342, 120, 6, 4, 63, 16, 182.93, 1),
(1343, 120, 7, 3, 63, 18, 207.08, 1),
(1344, 120, 7, 4, 63, 13, 236.63, 1),
(1345, 120, 8, 3, 63, 20, 211.89, 1),
(1346, 120, 8, 4, 63, 12, 199.56, 1),
(1347, 120, 9, 3, 63, 12, 212.14, 1),
(1348, 120, 9, 4, 63, 10, 212.04, 1),
(1349, 120, 10, 3, 63, 27, 173.75, 1),
(1350, 120, 10, 4, 63, 13, 182.65, 1),
(1351, 120, 6, 3, 64, 15, 242.01, 1),
(1352, 120, 6, 4, 64, 28, 212.08, 1),
(1353, 120, 7, 3, 64, 23, 184.36, 1),
(1354, 120, 7, 4, 64, 20, 235.56, 1),
(1355, 120, 8, 3, 64, 23, 174.73, 1),
(1356, 120, 8, 4, 64, 22, 216.97, 1),
(1357, 120, 9, 3, 64, 14, 210.64, 1),
(1358, 120, 9, 4, 64, 14, 152.32, 1),
(1359, 120, 10, 3, 64, 19, 179.67, 1),
(1360, 120, 10, 4, 64, 20, 191.4, 1),
(1361, 121, 6, 3, 77, 14, 168, 1),
(1362, 121, 6, 4, 77, 22, 215.8, 1),
(1363, 121, 7, 3, 77, 16, 225, 1),
(1364, 121, 7, 4, 77, 24, 227.59, 1),
(1365, 121, 8, 3, 77, 24, 212.94, 1),
(1366, 121, 8, 4, 77, 17, 231.94, 1),
(1367, 121, 9, 3, 77, 24, 170.89, 1),
(1368, 121, 9, 4, 77, 17, 208.64, 1),
(1369, 121, 10, 3, 77, 25, 180.51, 1),
(1370, 121, 10, 4, 77, 23, 226.64, 1),
(1371, 121, 6, 3, 78, 29, 241.68, 1),
(1372, 121, 6, 4, 78, 28, 178.49, 1),
(1373, 121, 7, 3, 78, 21, 217.4, 1),
(1374, 121, 7, 4, 78, 13, 201.51, 1),
(1375, 121, 8, 3, 78, 13, 205.37, 1),
(1376, 121, 8, 4, 78, 15, 172.32, 1),
(1377, 121, 9, 3, 78, 27, 195.47, 1),
(1378, 121, 9, 4, 78, 19, 210.41, 1),
(1379, 121, 10, 3, 78, 24, 215.65, 1),
(1380, 121, 10, 4, 78, 13, 197.01, 1),
(1381, 121, 6, 3, 79, 22, 188.09, 1),
(1382, 121, 6, 4, 79, 23, 199.42, 1),
(1383, 121, 7, 3, 79, 16, 182.81, 1),
(1384, 121, 7, 4, 79, 24, 165.83, 1),
(1385, 121, 8, 3, 79, 23, 230.69, 1),
(1386, 121, 8, 4, 79, 11, 205.97, 1),
(1387, 121, 9, 3, 79, 15, 187.8, 1),
(1388, 121, 9, 4, 79, 14, 171.08, 1),
(1389, 121, 10, 3, 79, 13, 241.98, 1),
(1390, 121, 10, 4, 79, 15, 246.69, 1),
(1391, 121, 6, 3, 80, 26, 157.48, 1),
(1392, 121, 6, 4, 80, 15, 197.36, 1),
(1393, 121, 7, 3, 80, 25, 164.34, 1),
(1394, 121, 7, 4, 80, 12, 179.65, 1),
(1395, 121, 8, 3, 80, 14, 155.2, 1),
(1396, 121, 8, 4, 80, 25, 187.05, 1),
(1397, 121, 9, 3, 80, 12, 219.64, 1),
(1398, 121, 9, 4, 80, 16, 187.06, 1),
(1399, 121, 10, 3, 80, 15, 226.4, 1),
(1400, 121, 10, 4, 80, 17, 220.8, 1),
(1401, 122, 6, 3, 61, 11, 174.78, 1),
(1402, 122, 6, 4, 61, 13, 161.53, 1),
(1403, 122, 7, 3, 61, 21, 233.31, 1),
(1404, 122, 7, 4, 61, 15, 231.97, 1),
(1405, 122, 8, 3, 61, 23, 209.91, 1),
(1406, 122, 8, 4, 61, 22, 203.63, 1),
(1407, 122, 9, 3, 61, 10, 238.42, 1),
(1408, 122, 9, 4, 61, 15, 231.23, 1),
(1409, 122, 10, 3, 61, 14, 190.88, 1),
(1410, 122, 10, 4, 61, 14, 210.7, 1),
(1411, 122, 6, 3, 62, 19, 230.89, 1),
(1412, 122, 6, 4, 62, 23, 172.31, 1),
(1413, 122, 7, 3, 62, 28, 218.92, 1),
(1414, 122, 7, 4, 62, 21, 227.64, 1),
(1415, 122, 8, 3, 62, 12, 231.46, 1),
(1416, 122, 8, 4, 62, 27, 224.36, 1),
(1417, 122, 9, 3, 62, 30, 177.42, 1),
(1418, 122, 9, 4, 62, 16, 164.03, 1),
(1419, 122, 10, 3, 62, 21, 237.9, 1),
(1420, 122, 10, 4, 62, 29, 247.39, 1),
(1421, 122, 6, 3, 63, 10, 173.25, 1),
(1422, 122, 6, 4, 63, 15, 174.07, 1),
(1423, 122, 7, 3, 63, 14, 200.6, 1),
(1424, 122, 7, 4, 63, 14, 230.8, 1),
(1425, 122, 8, 3, 63, 17, 202.18, 1),
(1426, 122, 8, 4, 63, 15, 168.52, 1),
(1427, 122, 9, 3, 63, 15, 186.07, 1),
(1428, 122, 9, 4, 63, 17, 174.76, 1),
(1429, 122, 10, 3, 63, 11, 165.62, 1),
(1430, 122, 10, 4, 63, 15, 153.81, 1),
(1431, 122, 6, 3, 64, 10, 222.19, 1),
(1432, 122, 6, 4, 64, 17, 199.51, 1),
(1433, 122, 7, 3, 64, 22, 180.99, 1);
INSERT INTO `producto_combinaciones` (`id`, `tipo_id`, `color_id`, `material_id`, `agregado_id`, `stock`, `precioU`, `activo`) VALUES
(1434, 122, 7, 4, 64, 13, 156.4, 1),
(1435, 122, 8, 3, 64, 26, 189.05, 1),
(1436, 122, 8, 4, 64, 20, 226.04, 1),
(1437, 122, 9, 3, 64, 14, 213.06, 1),
(1438, 122, 9, 4, 64, 20, 237.19, 1),
(1439, 122, 10, 3, 64, 29, 196.77, 1),
(1440, 122, 10, 4, 64, 16, 222.26, 1),
(1441, 123, 6, 3, 65, 22, 171.02, 1),
(1442, 123, 6, 4, 65, 14, 238.3, 1),
(1443, 123, 7, 3, 65, 11, 228.44, 1),
(1444, 123, 7, 4, 65, 23, 177.29, 1),
(1445, 123, 8, 3, 65, 12, 151.15, 1),
(1446, 123, 8, 4, 65, 20, 173.88, 1),
(1447, 123, 9, 3, 65, 17, 165.93, 1),
(1448, 123, 9, 4, 65, 14, 158.02, 1),
(1449, 123, 10, 3, 65, 28, 242.31, 1),
(1450, 123, 10, 4, 65, 11, 187.48, 1),
(1451, 123, 6, 3, 66, 18, 160.46, 1),
(1452, 123, 6, 4, 66, 27, 189.89, 1),
(1453, 123, 7, 3, 66, 30, 218.07, 1),
(1454, 123, 7, 4, 66, 20, 170.67, 1),
(1455, 123, 8, 3, 66, 18, 249.16, 1),
(1456, 123, 8, 4, 66, 22, 183.77, 1),
(1457, 123, 9, 3, 66, 25, 221.38, 1),
(1458, 123, 9, 4, 66, 27, 205.58, 1),
(1459, 123, 10, 3, 66, 14, 213.78, 1),
(1460, 123, 10, 4, 66, 16, 202.14, 1),
(1461, 123, 6, 3, 67, 27, 219.38, 1),
(1462, 123, 6, 4, 67, 19, 240.46, 1),
(1463, 123, 7, 3, 67, 24, 194.17, 1),
(1464, 123, 7, 4, 67, 13, 199.45, 1),
(1465, 123, 8, 3, 67, 23, 164.76, 1),
(1466, 123, 8, 4, 67, 25, 175.44, 1),
(1467, 123, 9, 3, 67, 25, 232.91, 1),
(1468, 123, 9, 4, 67, 21, 188.23, 1),
(1469, 123, 10, 3, 67, 18, 192.42, 1),
(1470, 123, 10, 4, 67, 20, 247.41, 1),
(1471, 123, 6, 3, 68, 14, 209.77, 1),
(1472, 123, 6, 4, 68, 23, 156.65, 1),
(1473, 123, 7, 3, 68, 20, 203.93, 1),
(1474, 123, 7, 4, 68, 23, 199.68, 1),
(1475, 123, 8, 3, 68, 24, 236.64, 1),
(1476, 123, 8, 4, 68, 21, 234.13, 1),
(1477, 123, 9, 3, 68, 22, 210.76, 1),
(1478, 123, 9, 4, 68, 19, 201.42, 1),
(1479, 123, 10, 3, 68, 16, 224.8, 1),
(1480, 123, 10, 4, 68, 15, 169.73, 1),
(1481, 124, 6, 3, 65, 16, 224.27, 1),
(1482, 124, 6, 4, 65, 27, 162.13, 1),
(1483, 124, 7, 3, 65, 18, 187.87, 1),
(1484, 124, 7, 4, 65, 17, 202.95, 1),
(1485, 124, 8, 3, 65, 22, 201.12, 1),
(1486, 124, 8, 4, 65, 27, 246.76, 1),
(1487, 124, 9, 3, 65, 20, 180.44, 1),
(1488, 124, 9, 4, 65, 27, 211.92, 1),
(1489, 124, 10, 3, 65, 27, 168.27, 1),
(1490, 124, 10, 4, 65, 24, 155.61, 1),
(1491, 124, 6, 3, 66, 28, 223.24, 1),
(1492, 124, 6, 4, 66, 20, 199.38, 1),
(1493, 124, 7, 3, 66, 26, 177.17, 1),
(1494, 124, 7, 4, 66, 19, 237.72, 1),
(1495, 124, 8, 3, 66, 29, 207.08, 1),
(1496, 124, 8, 4, 66, 16, 172.22, 1),
(1497, 124, 9, 3, 66, 24, 189.89, 1),
(1498, 124, 9, 4, 66, 20, 182.76, 1),
(1499, 124, 10, 3, 66, 21, 194.14, 1),
(1500, 124, 10, 4, 66, 12, 172.43, 1),
(1501, 124, 6, 3, 67, 30, 229.73, 1),
(1502, 124, 6, 4, 67, 22, 181.34, 1),
(1503, 124, 7, 3, 67, 11, 167.51, 1),
(1504, 124, 7, 4, 67, 21, 243.55, 1),
(1505, 124, 8, 3, 67, 19, 165.22, 1),
(1506, 124, 8, 4, 67, 22, 245.43, 1),
(1507, 124, 9, 3, 67, 22, 181.48, 1),
(1508, 124, 9, 4, 67, 17, 221.13, 1),
(1509, 124, 10, 3, 67, 28, 211.21, 1),
(1510, 124, 10, 4, 67, 19, 242.65, 1),
(1511, 124, 6, 3, 68, 22, 229.62, 1),
(1512, 124, 6, 4, 68, 21, 170.15, 1),
(1513, 124, 7, 3, 68, 11, 211.88, 1),
(1514, 124, 7, 4, 68, 23, 198.95, 1),
(1515, 124, 8, 3, 68, 12, 209.1, 1),
(1516, 124, 8, 4, 68, 21, 198.66, 1),
(1517, 124, 9, 3, 68, 17, 216, 1),
(1518, 124, 9, 4, 68, 15, 234.02, 1),
(1519, 124, 10, 3, 68, 12, 172.1, 1),
(1520, 124, 10, 4, 68, 26, 208.42, 1),
(1521, 125, 6, 3, 77, 23, 175.83, 1),
(1522, 125, 6, 4, 77, 29, 203.86, 1),
(1523, 125, 7, 3, 77, 23, 241.82, 1),
(1524, 125, 7, 4, 77, 20, 247.53, 1),
(1525, 125, 8, 3, 77, 20, 162.19, 1),
(1526, 125, 8, 4, 77, 11, 218.34, 1),
(1527, 125, 9, 3, 77, 24, 155.16, 1),
(1528, 125, 9, 4, 77, 16, 170.75, 1),
(1529, 125, 10, 3, 77, 21, 238.3, 1),
(1530, 125, 10, 4, 77, 24, 229.23, 1),
(1531, 125, 6, 3, 78, 26, 181.25, 1),
(1532, 125, 6, 4, 78, 10, 168.57, 1),
(1533, 125, 7, 3, 78, 22, 249.08, 1),
(1534, 125, 7, 4, 78, 29, 189.71, 1),
(1535, 125, 8, 3, 78, 29, 151.32, 1),
(1536, 125, 8, 4, 78, 10, 237.45, 1),
(1537, 125, 9, 3, 78, 14, 183.31, 1),
(1538, 125, 9, 4, 78, 28, 154.19, 1),
(1539, 125, 10, 3, 78, 30, 171.03, 1),
(1540, 125, 10, 4, 78, 13, 242.56, 1),
(1541, 125, 6, 3, 79, 26, 249.7, 1),
(1542, 125, 6, 4, 79, 23, 170.84, 1),
(1543, 125, 7, 3, 79, 26, 155.11, 1),
(1544, 125, 7, 4, 79, 11, 213.01, 1),
(1545, 125, 8, 3, 79, 25, 249.72, 1),
(1546, 125, 8, 4, 79, 25, 159.57, 1),
(1547, 125, 9, 3, 79, 20, 198.71, 1),
(1548, 125, 9, 4, 79, 13, 164.82, 1),
(1549, 125, 10, 3, 79, 15, 177.97, 1),
(1550, 125, 10, 4, 79, 27, 245.39, 1),
(1551, 125, 6, 3, 80, 20, 243.06, 1),
(1552, 125, 6, 4, 80, 29, 229.12, 1),
(1553, 125, 7, 3, 80, 16, 166.4, 1),
(1554, 125, 7, 4, 80, 21, 194.65, 1),
(1555, 125, 8, 3, 80, 26, 224.06, 1),
(1556, 125, 8, 4, 80, 17, 186.35, 1),
(1557, 125, 9, 3, 80, 19, 209.55, 1),
(1558, 125, 9, 4, 80, 14, 238.73, 1),
(1559, 125, 10, 3, 80, 22, 214.98, 1),
(1560, 125, 10, 4, 80, 20, 208.72, 1),
(1561, 127, 6, 3, 85, 23, 248.67, 1),
(1562, 127, 6, 4, 85, 26, 167.18, 1),
(1563, 127, 7, 3, 85, 29, 239.88, 1),
(1564, 127, 7, 4, 85, 17, 247.86, 1),
(1565, 127, 8, 3, 85, 27, 169.67, 1),
(1566, 127, 8, 4, 85, 17, 154.79, 1),
(1567, 127, 9, 3, 85, 11, 214.9, 1),
(1568, 127, 9, 4, 85, 16, 160.16, 1),
(1569, 127, 10, 3, 85, 16, 206.07, 1),
(1570, 127, 10, 4, 85, 24, 199.89, 1),
(1571, 127, 6, 3, 86, 22, 231.25, 1),
(1572, 127, 6, 4, 86, 29, 206.59, 1),
(1573, 127, 7, 3, 86, 29, 189.17, 1),
(1574, 127, 7, 4, 86, 27, 176.08, 1),
(1575, 127, 8, 3, 86, 19, 162.91, 1),
(1576, 127, 8, 4, 86, 23, 236.3, 1),
(1577, 127, 9, 3, 86, 27, 242.75, 1),
(1578, 127, 9, 4, 86, 16, 154.88, 1),
(1579, 127, 10, 3, 86, 29, 196.12, 1),
(1580, 127, 10, 4, 86, 26, 165.99, 1),
(1581, 127, 6, 3, 87, 16, 191.59, 1),
(1582, 127, 6, 4, 87, 29, 209.98, 1),
(1583, 127, 7, 3, 87, 30, 225.14, 1),
(1584, 127, 7, 4, 87, 10, 245.75, 1),
(1585, 127, 8, 3, 87, 12, 203.34, 1),
(1586, 127, 8, 4, 87, 17, 229.45, 1),
(1587, 127, 9, 3, 87, 22, 187.23, 1),
(1588, 127, 9, 4, 87, 29, 197.79, 1),
(1589, 127, 10, 3, 87, 27, 177.27, 1),
(1590, 127, 10, 4, 87, 20, 242.98, 1),
(1591, 127, 6, 3, 88, 27, 233.09, 1),
(1592, 127, 6, 4, 88, 26, 186.53, 1),
(1593, 127, 7, 3, 88, 18, 183.35, 1),
(1594, 127, 7, 4, 88, 21, 207.19, 1),
(1595, 127, 8, 3, 88, 22, 235.89, 1),
(1596, 127, 8, 4, 88, 15, 207.89, 1),
(1597, 127, 9, 3, 88, 21, 181.77, 1),
(1598, 127, 9, 4, 88, 28, 235.19, 1),
(1599, 127, 10, 3, 88, 28, 180.63, 1),
(1600, 127, 10, 4, 88, 27, 247.59, 1),
(1601, 128, 6, 3, 61, 22, 246.05, 1),
(1602, 128, 6, 4, 61, 16, 237.5, 1),
(1603, 128, 7, 3, 61, 24, 199.33, 1),
(1604, 128, 7, 4, 61, 24, 234.15, 1),
(1605, 128, 8, 3, 61, 16, 222.78, 1),
(1606, 128, 8, 4, 61, 19, 161.43, 1),
(1607, 128, 9, 3, 61, 18, 188.8, 1),
(1608, 128, 9, 4, 61, 22, 209.71, 1),
(1609, 128, 10, 3, 61, 25, 232.18, 1),
(1610, 128, 10, 4, 61, 29, 181.74, 1),
(1611, 128, 6, 3, 62, 19, 162.19, 1),
(1612, 128, 6, 4, 62, 20, 215.7, 1),
(1613, 128, 7, 3, 62, 14, 241.93, 1),
(1614, 128, 7, 4, 62, 21, 212.56, 1),
(1615, 128, 8, 3, 62, 11, 187.03, 1),
(1616, 128, 8, 4, 62, 23, 247.45, 1),
(1617, 128, 9, 3, 62, 13, 226.17, 1),
(1618, 128, 9, 4, 62, 26, 238.48, 1),
(1619, 128, 10, 3, 62, 19, 163.89, 1),
(1620, 128, 10, 4, 62, 29, 154.04, 1),
(1621, 128, 6, 3, 63, 18, 228.5, 1),
(1622, 128, 6, 4, 63, 14, 230.4, 1),
(1623, 128, 7, 3, 63, 26, 216.51, 1),
(1624, 128, 7, 4, 63, 17, 241.33, 1),
(1625, 128, 8, 3, 63, 17, 207.12, 1),
(1626, 128, 8, 4, 63, 22, 161.61, 1),
(1627, 128, 9, 3, 63, 12, 236.7, 1),
(1628, 128, 9, 4, 63, 24, 248.66, 1),
(1629, 128, 10, 3, 63, 11, 183.21, 1),
(1630, 128, 10, 4, 63, 16, 220.06, 1),
(1631, 128, 6, 3, 64, 16, 200.69, 1),
(1632, 128, 6, 4, 64, 23, 193.25, 1),
(1633, 128, 7, 3, 64, 15, 214.17, 1),
(1634, 128, 7, 4, 64, 18, 241.11, 1),
(1635, 128, 8, 3, 64, 13, 213.03, 1),
(1636, 128, 8, 4, 64, 21, 191.83, 1),
(1637, 128, 9, 3, 64, 16, 170.07, 1),
(1638, 128, 9, 4, 64, 28, 224.84, 1),
(1639, 128, 10, 3, 64, 20, 163.98, 1),
(1640, 128, 10, 4, 64, 26, 195.4, 1),
(1641, 130, 6, 3, 73, 22, 235.05, 1),
(1642, 130, 6, 4, 73, 20, 239.04, 1),
(1643, 130, 7, 3, 73, 23, 240.04, 1),
(1644, 130, 7, 4, 73, 27, 233.11, 1),
(1645, 130, 8, 3, 73, 16, 195.4, 1),
(1646, 130, 8, 4, 73, 30, 227.67, 1),
(1647, 130, 9, 3, 73, 10, 202.18, 1),
(1648, 130, 9, 4, 73, 13, 177.87, 1),
(1649, 130, 10, 3, 73, 23, 232.8, 1),
(1650, 130, 10, 4, 73, 25, 180.41, 1),
(1651, 130, 6, 3, 74, 25, 153.62, 1),
(1652, 130, 6, 4, 74, 21, 176.9, 1),
(1653, 130, 7, 3, 74, 21, 173.65, 1),
(1654, 130, 7, 4, 74, 12, 187.52, 1),
(1655, 130, 8, 3, 74, 26, 166.68, 1),
(1656, 130, 8, 4, 74, 26, 220.81, 1),
(1657, 130, 9, 3, 74, 22, 154, 1),
(1658, 130, 9, 4, 74, 19, 157.59, 1),
(1659, 130, 10, 3, 74, 22, 175.97, 1),
(1660, 130, 10, 4, 74, 23, 157.05, 1),
(1661, 130, 6, 3, 75, 20, 207.34, 1),
(1662, 130, 6, 4, 75, 20, 215.56, 1),
(1663, 130, 7, 3, 75, 30, 205.8, 1),
(1664, 130, 7, 4, 75, 19, 232.29, 1),
(1665, 130, 8, 3, 75, 17, 194.04, 1),
(1666, 130, 8, 4, 75, 18, 223.35, 1),
(1667, 130, 9, 3, 75, 28, 184.62, 1),
(1668, 130, 9, 4, 75, 14, 203.07, 1),
(1669, 130, 10, 3, 75, 18, 211.48, 1),
(1670, 130, 10, 4, 75, 19, 198.18, 1),
(1671, 130, 6, 3, 76, 11, 206.46, 1),
(1672, 130, 6, 4, 76, 29, 187.76, 1),
(1673, 130, 7, 3, 76, 19, 169.42, 1),
(1674, 130, 7, 4, 76, 21, 233.81, 1),
(1675, 130, 8, 3, 76, 16, 210.82, 1),
(1676, 130, 8, 4, 76, 26, 202.64, 1),
(1677, 130, 9, 3, 76, 12, 230.76, 1),
(1678, 130, 9, 4, 76, 15, 195.88, 1),
(1679, 130, 10, 3, 76, 27, 237.12, 1),
(1680, 130, 10, 4, 76, 20, 247.97, 1),
(1681, 132, 6, 3, 73, 29, 178.5, 1),
(1682, 132, 6, 4, 73, 14, 198.58, 1),
(1683, 132, 7, 3, 73, 14, 207.41, 1),
(1684, 132, 7, 4, 73, 19, 191.28, 1),
(1685, 132, 8, 3, 73, 24, 184.19, 1),
(1686, 132, 8, 4, 73, 12, 197.13, 1),
(1687, 132, 9, 3, 73, 17, 183.05, 1),
(1688, 132, 9, 4, 73, 19, 173.85, 1),
(1689, 132, 10, 3, 73, 16, 170.11, 1),
(1690, 132, 10, 4, 73, 13, 179, 1),
(1691, 132, 6, 3, 74, 27, 234.66, 1),
(1692, 132, 6, 4, 74, 24, 186.29, 1),
(1693, 132, 7, 3, 74, 29, 177.5, 1),
(1694, 132, 7, 4, 74, 25, 178.61, 1),
(1695, 132, 8, 3, 74, 27, 210.56, 1),
(1696, 132, 8, 4, 74, 11, 166.95, 1),
(1697, 132, 9, 3, 74, 23, 153.08, 1),
(1698, 132, 9, 4, 74, 14, 214.54, 1),
(1699, 132, 10, 3, 74, 28, 163.47, 1),
(1700, 132, 10, 4, 74, 28, 223.73, 1),
(1701, 132, 6, 3, 75, 26, 178.25, 1),
(1702, 132, 6, 4, 75, 15, 170.04, 1),
(1703, 132, 7, 3, 75, 28, 165.46, 1),
(1704, 132, 7, 4, 75, 26, 167.17, 1),
(1705, 132, 8, 3, 75, 14, 189.47, 1),
(1706, 132, 8, 4, 75, 24, 195.85, 1),
(1707, 132, 9, 3, 75, 27, 160.85, 1),
(1708, 132, 9, 4, 75, 14, 166.7, 1),
(1709, 132, 10, 3, 75, 17, 200.94, 1),
(1710, 132, 10, 4, 75, 13, 154.6, 1),
(1711, 132, 6, 3, 76, 27, 220.18, 1),
(1712, 132, 6, 4, 76, 23, 187.1, 1),
(1713, 132, 7, 3, 76, 24, 224.95, 1),
(1714, 132, 7, 4, 76, 23, 213.47, 1),
(1715, 132, 8, 3, 76, 11, 242.47, 1),
(1716, 132, 8, 4, 76, 15, 221.96, 1),
(1717, 132, 9, 3, 76, 14, 232.37, 1),
(1718, 132, 9, 4, 76, 14, 245.99, 1),
(1719, 132, 10, 3, 76, 16, 182.83, 1),
(1720, 132, 10, 4, 76, 11, 226.17, 1),
(1721, 133, 6, 3, 73, 16, 232.35, 1),
(1722, 133, 6, 4, 73, 17, 233.25, 1),
(1723, 133, 7, 3, 73, 26, 219.21, 1),
(1724, 133, 7, 4, 73, 28, 246.29, 1),
(1725, 133, 8, 3, 73, 12, 223.83, 1),
(1726, 133, 8, 4, 73, 28, 230.27, 1),
(1727, 133, 9, 3, 73, 11, 229.85, 1),
(1728, 133, 9, 4, 73, 25, 208.46, 1),
(1729, 133, 10, 3, 73, 19, 202.76, 1),
(1730, 133, 10, 4, 73, 29, 238.4, 1),
(1731, 133, 6, 3, 74, 19, 233.74, 1),
(1732, 133, 6, 4, 74, 19, 203.51, 1),
(1733, 133, 7, 3, 74, 28, 166.31, 1),
(1734, 133, 7, 4, 74, 14, 171.01, 1),
(1735, 133, 8, 3, 74, 16, 206.11, 1),
(1736, 133, 8, 4, 74, 26, 167.54, 1),
(1737, 133, 9, 3, 74, 15, 169.35, 1),
(1738, 133, 9, 4, 74, 24, 194.15, 1),
(1739, 133, 10, 3, 74, 25, 212.69, 1),
(1740, 133, 10, 4, 74, 22, 231, 1),
(1741, 133, 6, 3, 75, 26, 166.92, 1),
(1742, 133, 6, 4, 75, 16, 191.63, 1),
(1743, 133, 7, 3, 75, 12, 207.37, 1),
(1744, 133, 7, 4, 75, 19, 211.95, 1),
(1745, 133, 8, 3, 75, 12, 187.65, 1),
(1746, 133, 8, 4, 75, 14, 152.42, 1),
(1747, 133, 9, 3, 75, 22, 249.12, 1),
(1748, 133, 9, 4, 75, 19, 238.33, 1),
(1749, 133, 10, 3, 75, 19, 194.31, 1),
(1750, 133, 10, 4, 75, 26, 206.56, 1),
(1751, 133, 6, 3, 76, 24, 199.88, 1),
(1752, 133, 6, 4, 76, 11, 229.73, 1),
(1753, 133, 7, 3, 76, 13, 198.98, 1),
(1754, 133, 7, 4, 76, 23, 155.7, 1),
(1755, 133, 8, 3, 76, 27, 231.59, 1),
(1756, 133, 8, 4, 76, 14, 240.82, 1),
(1757, 133, 9, 3, 76, 22, 159.35, 1),
(1758, 133, 9, 4, 76, 16, 224.27, 1),
(1759, 133, 10, 3, 76, 24, 193.31, 1),
(1760, 133, 10, 4, 76, 24, 243.73, 1),
(1761, 134, 6, 3, 73, 15, 188.74, 1),
(1762, 134, 6, 4, 73, 13, 162.5, 1),
(1763, 134, 7, 3, 73, 12, 196.29, 1),
(1764, 134, 7, 4, 73, 29, 243.94, 1),
(1765, 134, 8, 3, 73, 21, 180.84, 1),
(1766, 134, 8, 4, 73, 28, 222.36, 1),
(1767, 134, 9, 3, 73, 27, 219.3, 1),
(1768, 134, 9, 4, 73, 19, 179.42, 1),
(1769, 134, 10, 3, 73, 25, 189.2, 1),
(1770, 134, 10, 4, 73, 20, 157.75, 1),
(1771, 134, 6, 3, 74, 13, 171.13, 1),
(1772, 134, 6, 4, 74, 16, 232.4, 1),
(1773, 134, 7, 3, 74, 11, 198.6, 1),
(1774, 134, 7, 4, 74, 17, 245.82, 1),
(1775, 134, 8, 3, 74, 21, 183.29, 1),
(1776, 134, 8, 4, 74, 25, 229, 1),
(1777, 134, 9, 3, 74, 14, 245.13, 1),
(1778, 134, 9, 4, 74, 23, 188.63, 1),
(1779, 134, 10, 3, 74, 22, 157.77, 1),
(1780, 134, 10, 4, 74, 11, 172.95, 1),
(1781, 134, 6, 3, 75, 22, 241.45, 1),
(1782, 134, 6, 4, 75, 24, 238.41, 1),
(1783, 134, 7, 3, 75, 26, 217.71, 1),
(1784, 134, 7, 4, 75, 27, 223.29, 1),
(1785, 134, 8, 3, 75, 26, 213.32, 1),
(1786, 134, 8, 4, 75, 20, 246.75, 1),
(1787, 134, 9, 3, 75, 11, 243.8, 1),
(1788, 134, 9, 4, 75, 26, 228.74, 1),
(1789, 134, 10, 3, 75, 25, 162.3, 1),
(1790, 134, 10, 4, 75, 19, 175.3, 1),
(1791, 134, 6, 3, 76, 11, 239.57, 1),
(1792, 134, 6, 4, 76, 28, 221.98, 1),
(1793, 134, 7, 3, 76, 17, 241.18, 1),
(1794, 134, 7, 4, 76, 12, 189.97, 1),
(1795, 134, 8, 3, 76, 16, 176.31, 1),
(1796, 134, 8, 4, 76, 15, 161.64, 1),
(1797, 134, 9, 3, 76, 16, 229.25, 1),
(1798, 134, 9, 4, 76, 27, 211.36, 1),
(1799, 134, 10, 3, 76, 14, 219.04, 1),
(1800, 134, 10, 4, 76, 22, 211.12, 1),
(1801, 135, 6, 3, 73, 15, 248.49, 1),
(1802, 135, 6, 4, 73, 22, 159.1, 1),
(1803, 135, 7, 3, 73, 13, 200.02, 1),
(1804, 135, 7, 4, 73, 11, 172.78, 1),
(1805, 135, 8, 3, 73, 26, 213.85, 1),
(1806, 135, 8, 4, 73, 27, 200.89, 1),
(1807, 135, 9, 3, 73, 25, 212.94, 1),
(1808, 135, 9, 4, 73, 15, 212, 1),
(1809, 135, 10, 3, 73, 10, 171.17, 1),
(1810, 135, 10, 4, 73, 15, 169.87, 1),
(1811, 135, 6, 3, 74, 17, 185.84, 1),
(1812, 135, 6, 4, 74, 27, 169.58, 1),
(1813, 135, 7, 3, 74, 17, 240.39, 1),
(1814, 135, 7, 4, 74, 13, 243.2, 1),
(1815, 135, 8, 3, 74, 22, 244.83, 1),
(1816, 135, 8, 4, 74, 23, 244.57, 1),
(1817, 135, 9, 3, 74, 20, 238.37, 1),
(1818, 135, 9, 4, 74, 18, 208.11, 1),
(1819, 135, 10, 3, 74, 21, 175.45, 1),
(1820, 135, 10, 4, 74, 22, 202.93, 1),
(1821, 135, 6, 3, 75, 15, 238.31, 1),
(1822, 135, 6, 4, 75, 20, 232.73, 1),
(1823, 135, 7, 3, 75, 26, 198.73, 1),
(1824, 135, 7, 4, 75, 19, 245.47, 1),
(1825, 135, 8, 3, 75, 27, 181.14, 1),
(1826, 135, 8, 4, 75, 28, 219.31, 1),
(1827, 135, 9, 3, 75, 28, 203.1, 1),
(1828, 135, 9, 4, 75, 26, 207.59, 1),
(1829, 135, 10, 3, 75, 15, 178.67, 1),
(1830, 135, 10, 4, 75, 30, 220.54, 1),
(1831, 135, 6, 3, 76, 13, 216.72, 1),
(1832, 135, 6, 4, 76, 26, 171.97, 1),
(1833, 135, 7, 3, 76, 19, 159.7, 1),
(1834, 135, 7, 4, 76, 27, 232.57, 1),
(1835, 135, 8, 3, 76, 11, 233.76, 1),
(1836, 135, 8, 4, 76, 22, 221.07, 1),
(1837, 135, 9, 3, 76, 25, 154.08, 1),
(1838, 135, 9, 4, 76, 12, 157.2, 1),
(1839, 135, 10, 3, 76, 15, 173.77, 1),
(1840, 135, 10, 4, 76, 27, 247.23, 1),
(1841, 136, 6, 3, 73, 20, 164.83, 1),
(1842, 136, 6, 4, 73, 11, 232.49, 1),
(1843, 136, 7, 3, 73, 26, 217.96, 1),
(1844, 136, 7, 4, 73, 24, 242.31, 1),
(1845, 136, 8, 3, 73, 12, 207.68, 1),
(1846, 136, 8, 4, 73, 20, 161.45, 1),
(1847, 136, 9, 3, 73, 12, 234.24, 1),
(1848, 136, 9, 4, 73, 13, 236.84, 1),
(1849, 136, 10, 3, 73, 17, 231.49, 1),
(1850, 136, 10, 4, 73, 16, 196.93, 1),
(1851, 136, 6, 3, 74, 19, 240.18, 1),
(1852, 136, 6, 4, 74, 16, 160.1, 1),
(1853, 136, 7, 3, 74, 12, 229.95, 1),
(1854, 136, 7, 4, 74, 24, 219.47, 1),
(1855, 136, 8, 3, 74, 14, 157.5, 1),
(1856, 136, 8, 4, 74, 29, 179.07, 1),
(1857, 136, 9, 3, 74, 13, 172.86, 1),
(1858, 136, 9, 4, 74, 29, 177.11, 1),
(1859, 136, 10, 3, 74, 13, 216.96, 1),
(1860, 136, 10, 4, 74, 10, 203.47, 1),
(1861, 136, 6, 3, 75, 21, 216.49, 1),
(1862, 136, 6, 4, 75, 25, 222.02, 1),
(1863, 136, 7, 3, 75, 11, 210.62, 1),
(1864, 136, 7, 4, 75, 10, 237.07, 1),
(1865, 136, 8, 3, 75, 28, 203.48, 1),
(1866, 136, 8, 4, 75, 18, 156.18, 1),
(1867, 136, 9, 3, 75, 18, 220.46, 1),
(1868, 136, 9, 4, 75, 25, 183.77, 1),
(1869, 136, 10, 3, 75, 20, 207.45, 1),
(1870, 136, 10, 4, 75, 16, 235.95, 1),
(1871, 136, 6, 3, 76, 11, 207.39, 1),
(1872, 136, 6, 4, 76, 17, 179.12, 1),
(1873, 136, 7, 3, 76, 21, 223.4, 1),
(1874, 136, 7, 4, 76, 26, 229.67, 1),
(1875, 136, 8, 3, 76, 14, 228.14, 1),
(1876, 136, 8, 4, 76, 24, 201.7, 1),
(1877, 136, 9, 3, 76, 28, 174.06, 1),
(1878, 136, 9, 4, 76, 18, 215.2, 1),
(1879, 136, 10, 3, 76, 18, 203.83, 1),
(1880, 136, 10, 4, 76, 22, 223.56, 1),
(2048, 69, 6, 3, NULL, 29, 156.3, 1),
(2049, 69, 6, 4, NULL, 29, 160.81, 1),
(2050, 69, 7, 3, NULL, 28, 185.18, 1),
(2051, 69, 7, 4, NULL, 21, 193.44, 1),
(2052, 69, 8, 3, NULL, 14, 161.69, 1),
(2053, 69, 8, 4, NULL, 14, 178.11, 1),
(2054, 69, 9, 3, NULL, 18, 155.47, 1),
(2055, 69, 9, 4, NULL, 17, 193.02, 1),
(2056, 69, 10, 3, NULL, 24, 248.69, 1),
(2057, 69, 10, 4, NULL, 18, 214.39, 1),
(2058, 70, 6, 3, NULL, 29, 175.88, 1),
(2059, 70, 6, 4, NULL, 21, 186.22, 1),
(2060, 70, 7, 3, NULL, 25, 153.47, 1),
(2061, 70, 7, 4, NULL, 15, 158.7, 1),
(2062, 70, 8, 3, NULL, 11, 183.09, 1),
(2063, 70, 8, 4, NULL, 17, 189.34, 1),
(2064, 70, 9, 3, NULL, 23, 247.44, 1),
(2065, 70, 9, 4, NULL, 12, 219.19, 1),
(2066, 70, 10, 3, NULL, 24, 203.63, 1),
(2067, 70, 10, 4, NULL, 12, 210.58, 1),
(2068, 71, 6, 3, NULL, 17, 192.01, 1),
(2069, 71, 6, 4, NULL, 21, 178.31, 1),
(2070, 71, 7, 3, NULL, 23, 165.5, 1),
(2071, 71, 7, 4, NULL, 21, 242.6, 1),
(2072, 71, 8, 3, NULL, 27, 166.48, 1),
(2073, 71, 8, 4, NULL, 22, 154.59, 1),
(2074, 71, 9, 3, NULL, 20, 223.51, 1),
(2075, 71, 9, 4, NULL, 25, 203.78, 1),
(2076, 71, 10, 3, NULL, 14, 198.35, 1),
(2077, 71, 10, 4, NULL, 24, 230.44, 1),
(2078, 72, 6, 3, NULL, 27, 207.16, 1),
(2079, 72, 6, 4, NULL, 13, 194.46, 1),
(2080, 72, 7, 3, NULL, 15, 200.82, 1),
(2081, 72, 7, 4, NULL, 24, 170.74, 1),
(2082, 72, 8, 3, NULL, 28, 201.22, 1),
(2083, 72, 8, 4, NULL, 16, 243.91, 1),
(2084, 72, 9, 3, NULL, 25, 165.86, 1),
(2085, 72, 9, 4, NULL, 29, 247.57, 1),
(2086, 72, 10, 3, NULL, 19, 190.26, 1),
(2087, 72, 10, 4, NULL, 17, 158.58, 1),
(2088, 73, 6, 3, NULL, 17, 172.14, 1),
(2089, 73, 6, 4, NULL, 25, 234.94, 1),
(2090, 73, 7, 3, NULL, 22, 208.29, 1),
(2091, 73, 7, 4, NULL, 28, 186.63, 1),
(2092, 73, 8, 3, NULL, 22, 158.29, 1),
(2093, 73, 8, 4, NULL, 16, 181.53, 1),
(2094, 73, 9, 3, NULL, 23, 182.81, 1),
(2095, 73, 9, 4, NULL, 16, 219.47, 1),
(2096, 73, 10, 3, NULL, 22, 198.89, 1),
(2097, 73, 10, 4, NULL, 13, 186.07, 1),
(2098, 74, 6, 3, NULL, 30, 183.67, 1),
(2099, 74, 6, 4, NULL, 18, 210.16, 1),
(2100, 74, 7, 3, NULL, 13, 249.76, 1),
(2101, 74, 7, 4, NULL, 20, 168.33, 1),
(2102, 74, 8, 3, NULL, 12, 242.37, 1),
(2103, 74, 8, 4, NULL, 30, 156.87, 1),
(2104, 74, 9, 3, NULL, 22, 207.22, 1),
(2105, 74, 9, 4, NULL, 11, 215.49, 1),
(2106, 74, 10, 3, NULL, 21, 205.78, 1),
(2107, 74, 10, 4, NULL, 19, 232.43, 1),
(2108, 75, 6, 3, NULL, 23, 194.81, 1),
(2109, 75, 6, 4, NULL, 26, 226.77, 1),
(2110, 75, 7, 3, NULL, 13, 199.42, 1),
(2111, 75, 7, 4, NULL, 16, 166.81, 1),
(2112, 75, 8, 3, NULL, 12, 185.77, 1),
(2113, 75, 8, 4, NULL, 20, 178.4, 1),
(2114, 75, 9, 3, NULL, 16, 184.72, 1),
(2115, 75, 9, 4, NULL, 11, 238.39, 1),
(2116, 75, 10, 3, NULL, 17, 187.81, 1),
(2117, 75, 10, 4, NULL, 22, 173.85, 1),
(2118, 76, 6, 3, NULL, 29, 155.83, 1),
(2119, 76, 6, 4, NULL, 28, 207.62, 1),
(2120, 76, 7, 3, NULL, 23, 220.61, 1),
(2121, 76, 7, 4, NULL, 21, 230.16, 1),
(2122, 76, 8, 3, NULL, 27, 239, 1),
(2123, 76, 8, 4, NULL, 19, 154.51, 1),
(2124, 76, 9, 3, NULL, 27, 205.54, 1),
(2125, 76, 9, 4, NULL, 27, 214.16, 1),
(2126, 76, 10, 3, NULL, 25, 204.19, 1),
(2127, 76, 10, 4, NULL, 15, 228.46, 1),
(2128, 77, 6, 3, NULL, 10, 179.72, 1),
(2129, 77, 6, 4, NULL, 16, 163.23, 1),
(2130, 77, 7, 3, NULL, 18, 226.99, 1),
(2131, 77, 7, 4, NULL, 13, 195.24, 1),
(2132, 77, 8, 3, NULL, 19, 245.25, 1),
(2133, 77, 8, 4, NULL, 28, 190.53, 1),
(2134, 77, 9, 3, NULL, 12, 166.91, 1),
(2135, 77, 9, 4, NULL, 26, 212.95, 1),
(2136, 77, 10, 3, NULL, 23, 214.02, 1),
(2137, 77, 10, 4, NULL, 28, 181.27, 1),
(2138, 78, 6, 3, NULL, 21, 214.26, 1),
(2139, 78, 6, 4, NULL, 29, 177.5, 1),
(2140, 78, 7, 3, NULL, 14, 194.71, 1),
(2141, 78, 7, 4, NULL, 13, 191.06, 1),
(2142, 78, 8, 3, NULL, 13, 221.17, 1),
(2143, 78, 8, 4, NULL, 15, 182.67, 1),
(2144, 78, 9, 3, NULL, 26, 199.85, 1),
(2145, 78, 9, 4, NULL, 17, 201.21, 1),
(2146, 78, 10, 3, NULL, 16, 156.53, 1),
(2147, 78, 10, 4, NULL, 21, 229, 1),
(2148, 79, 6, 3, NULL, 26, 225.4, 1),
(2149, 79, 6, 4, NULL, 15, 190.01, 1),
(2150, 79, 7, 3, NULL, 30, 223.84, 1),
(2151, 79, 7, 4, NULL, 14, 199.19, 1),
(2152, 79, 8, 3, NULL, 28, 174.4, 1),
(2153, 79, 8, 4, NULL, 30, 224.45, 1),
(2154, 79, 9, 3, NULL, 13, 249.07, 1),
(2155, 79, 9, 4, NULL, 29, 221.97, 1),
(2156, 79, 10, 3, NULL, 13, 212.65, 1),
(2157, 79, 10, 4, NULL, 27, 247.32, 1),
(2158, 80, 6, 3, NULL, 28, 248.68, 1),
(2159, 80, 6, 4, NULL, 29, 151.42, 1),
(2160, 80, 7, 3, NULL, 11, 161.08, 1),
(2161, 80, 7, 4, NULL, 20, 201.13, 1),
(2162, 80, 8, 3, NULL, 14, 172.4, 1),
(2163, 80, 8, 4, NULL, 23, 208.63, 1),
(2164, 80, 9, 3, NULL, 22, 175.94, 1),
(2165, 80, 9, 4, NULL, 29, 203.81, 1),
(2166, 80, 10, 3, NULL, 11, 241.23, 1),
(2167, 80, 10, 4, NULL, 18, 244.74, 1),
(2168, 81, 6, 3, NULL, 25, 249.98, 1),
(2169, 81, 6, 4, NULL, 23, 165.7, 1),
(2170, 81, 7, 3, NULL, 10, 228.55, 1),
(2171, 81, 7, 4, NULL, 12, 195.66, 1),
(2172, 81, 8, 3, NULL, 20, 242.63, 1),
(2173, 81, 8, 4, NULL, 12, 176.18, 1),
(2174, 81, 9, 3, NULL, 13, 203, 1),
(2175, 81, 9, 4, NULL, 17, 236.46, 1),
(2176, 81, 10, 3, NULL, 16, 223.31, 1),
(2177, 81, 10, 4, NULL, 18, 157.15, 1),
(2178, 82, 6, 3, NULL, 15, 165.81, 1),
(2179, 82, 6, 4, NULL, 28, 207.63, 1),
(2180, 82, 7, 3, NULL, 26, 190.69, 1),
(2181, 82, 7, 4, NULL, 14, 180.59, 1),
(2182, 82, 8, 3, NULL, 24, 180.87, 1),
(2183, 82, 8, 4, NULL, 28, 212.56, 1),
(2184, 82, 9, 3, NULL, 18, 170.21, 1),
(2185, 82, 9, 4, NULL, 15, 163.38, 1),
(2186, 82, 10, 3, NULL, 11, 156.24, 1),
(2187, 82, 10, 4, NULL, 20, 241.08, 1),
(2188, 83, 6, 3, NULL, 16, 186.66, 1),
(2189, 83, 6, 4, NULL, 30, 160.08, 1),
(2190, 83, 7, 3, NULL, 11, 190.4, 1),
(2191, 83, 7, 4, NULL, 15, 221.76, 1),
(2192, 83, 8, 3, NULL, 15, 187.61, 1),
(2193, 83, 8, 4, NULL, 16, 222.77, 1),
(2194, 83, 9, 3, NULL, 28, 201.03, 1),
(2195, 83, 9, 4, NULL, 21, 186.84, 1),
(2196, 83, 10, 3, NULL, 13, 181.11, 1),
(2197, 83, 10, 4, NULL, 11, 195.03, 1),
(2198, 84, 6, 3, NULL, 24, 181.84, 1),
(2199, 84, 6, 4, NULL, 17, 174.08, 1),
(2200, 84, 7, 3, NULL, 26, 174.9, 1),
(2201, 84, 7, 4, NULL, 27, 202.23, 1),
(2202, 84, 8, 3, NULL, 27, 236.48, 1),
(2203, 84, 8, 4, NULL, 25, 225.7, 1),
(2204, 84, 9, 3, NULL, 15, 169.05, 1),
(2205, 84, 9, 4, NULL, 27, 218.14, 1),
(2206, 84, 10, 3, NULL, 22, 233.55, 1),
(2207, 84, 10, 4, NULL, 18, 163.35, 1),
(2208, 85, 6, 3, NULL, 13, 166.09, 1),
(2209, 85, 6, 4, NULL, 21, 190.4, 1),
(2210, 85, 7, 3, NULL, 16, 203.74, 1),
(2211, 85, 7, 4, NULL, 28, 197.49, 1),
(2212, 85, 8, 3, NULL, 20, 226.25, 1),
(2213, 85, 8, 4, NULL, 27, 188.77, 1),
(2214, 85, 9, 3, NULL, 23, 215.1, 1),
(2215, 85, 9, 4, NULL, 28, 159.18, 1),
(2216, 85, 10, 3, NULL, 17, 200.62, 1),
(2217, 85, 10, 4, NULL, 14, 175.53, 1),
(2218, 86, 6, 3, NULL, 26, 225.81, 1),
(2219, 86, 6, 4, NULL, 20, 152.45, 1),
(2220, 86, 7, 3, NULL, 13, 234.82, 1),
(2221, 86, 7, 4, NULL, 15, 166.75, 1),
(2222, 86, 8, 3, NULL, 25, 179.27, 1),
(2223, 86, 8, 4, NULL, 29, 246.14, 1),
(2224, 86, 9, 3, NULL, 23, 242.85, 1),
(2225, 86, 9, 4, NULL, 15, 225.87, 1),
(2226, 86, 10, 3, NULL, 16, 150.76, 1),
(2227, 86, 10, 4, NULL, 24, 226.22, 1),
(2228, 87, 6, 3, NULL, 23, 228.8, 1),
(2229, 87, 6, 4, NULL, 12, 215.33, 1),
(2230, 87, 7, 3, NULL, 24, 240.25, 1),
(2231, 87, 7, 4, NULL, 10, 205.27, 1),
(2232, 87, 8, 3, NULL, 11, 155.61, 1),
(2233, 87, 8, 4, NULL, 15, 212.24, 1),
(2234, 87, 9, 3, NULL, 13, 244.39, 1),
(2235, 87, 9, 4, NULL, 29, 235.2, 1),
(2236, 87, 10, 3, NULL, 17, 192.82, 1),
(2237, 87, 10, 4, NULL, 27, 208.5, 1),
(2238, 88, 6, 3, NULL, 13, 214.06, 1),
(2239, 88, 6, 4, NULL, 13, 194.8, 1),
(2240, 88, 7, 3, NULL, 19, 181.83, 1),
(2241, 88, 7, 4, NULL, 23, 174.72, 1),
(2242, 88, 8, 3, NULL, 28, 178.12, 1),
(2243, 88, 8, 4, NULL, 21, 216.44, 1),
(2244, 88, 9, 3, NULL, 11, 197.85, 1),
(2245, 88, 9, 4, NULL, 23, 189.94, 1),
(2246, 88, 10, 3, NULL, 13, 206.15, 1),
(2247, 88, 10, 4, NULL, 24, 210.92, 1),
(2248, 89, 6, 3, NULL, 11, 186.16, 1),
(2249, 89, 6, 4, NULL, 15, 248.04, 1),
(2250, 89, 7, 3, NULL, 12, 231.7, 1),
(2251, 89, 7, 4, NULL, 26, 164.39, 1),
(2252, 89, 8, 3, NULL, 24, 176.85, 1),
(2253, 89, 8, 4, NULL, 10, 241.1, 1),
(2254, 89, 9, 3, NULL, 11, 224.94, 1),
(2255, 89, 9, 4, NULL, 13, 151.41, 1),
(2256, 89, 10, 3, NULL, 22, 232.2, 1),
(2257, 89, 10, 4, NULL, 20, 156.79, 1),
(2258, 90, 6, 3, NULL, 27, 237.33, 1),
(2259, 90, 6, 4, NULL, 21, 166.31, 1),
(2260, 90, 7, 3, NULL, 18, 169.53, 1),
(2261, 90, 7, 4, NULL, 14, 198.73, 1),
(2262, 90, 8, 3, NULL, 25, 235.06, 1),
(2263, 90, 8, 4, NULL, 14, 229.12, 1),
(2264, 90, 9, 3, NULL, 27, 190.43, 1),
(2265, 90, 9, 4, NULL, 23, 214.76, 1),
(2266, 90, 10, 3, NULL, 22, 152.53, 1),
(2267, 90, 10, 4, NULL, 10, 168.36, 1),
(2268, 91, 6, 3, NULL, 17, 234.21, 1),
(2269, 91, 6, 4, NULL, 25, 215.97, 1),
(2270, 91, 7, 3, NULL, 25, 227.21, 1),
(2271, 91, 7, 4, NULL, 20, 238.15, 1),
(2272, 91, 8, 3, NULL, 13, 159.13, 1),
(2273, 91, 8, 4, NULL, 14, 231.18, 1),
(2274, 91, 9, 3, NULL, 24, 228.54, 1),
(2275, 91, 9, 4, NULL, 27, 199.13, 1),
(2276, 91, 10, 3, NULL, 11, 160.02, 1),
(2277, 91, 10, 4, NULL, 25, 152.72, 1),
(2278, 92, 6, 3, NULL, 22, 233.54, 1),
(2279, 92, 6, 4, NULL, 24, 159.56, 1),
(2280, 92, 7, 3, NULL, 24, 247.15, 1),
(2281, 92, 7, 4, NULL, 20, 207.09, 1),
(2282, 92, 8, 3, NULL, 18, 243.99, 1),
(2283, 92, 8, 4, NULL, 21, 248.66, 1),
(2284, 92, 9, 3, NULL, 19, 161.37, 1),
(2285, 92, 9, 4, NULL, 23, 210.84, 1),
(2286, 92, 10, 3, NULL, 26, 220.1, 1),
(2287, 92, 10, 4, NULL, 11, 217.98, 1),
(2288, 93, 6, 3, NULL, 29, 179.59, 1),
(2289, 93, 6, 4, NULL, 20, 194, 1),
(2290, 93, 7, 3, NULL, 23, 181.24, 1),
(2291, 93, 7, 4, NULL, 27, 174.2, 1),
(2292, 93, 8, 3, NULL, 16, 177.28, 1),
(2293, 93, 8, 4, NULL, 27, 213.8, 1),
(2294, 93, 9, 3, NULL, 20, 187.16, 1),
(2295, 93, 9, 4, NULL, 27, 244.4, 1),
(2296, 93, 10, 3, NULL, 24, 210.5, 1),
(2297, 93, 10, 4, NULL, 29, 169.33, 1),
(2298, 94, 6, 3, NULL, 23, 165.13, 1),
(2299, 94, 6, 4, NULL, 18, 167.68, 1),
(2300, 94, 7, 3, NULL, 10, 193, 1),
(2301, 94, 7, 4, NULL, 29, 211.97, 1),
(2302, 94, 8, 3, NULL, 22, 230.86, 1),
(2303, 94, 8, 4, NULL, 13, 168.36, 1),
(2304, 94, 9, 3, NULL, 30, 199.25, 1),
(2305, 94, 9, 4, NULL, 19, 241.16, 1),
(2306, 94, 10, 3, NULL, 17, 158.04, 1),
(2307, 94, 10, 4, NULL, 16, 216.73, 1),
(2308, 95, 6, 3, NULL, 18, 159.54, 1),
(2309, 95, 6, 4, NULL, 14, 197.49, 1),
(2310, 95, 7, 3, NULL, 26, 158.83, 1),
(2311, 95, 7, 4, NULL, 19, 151.66, 1),
(2312, 95, 8, 3, NULL, 27, 231.84, 1),
(2313, 95, 8, 4, NULL, 26, 154.23, 1),
(2314, 95, 9, 3, NULL, 22, 225.62, 1),
(2315, 95, 9, 4, NULL, 20, 215.41, 1),
(2316, 95, 10, 3, NULL, 26, 150.18, 1),
(2317, 95, 10, 4, NULL, 20, 154.68, 1),
(2318, 96, 6, 3, NULL, 29, 172.87, 1),
(2319, 96, 6, 4, NULL, 17, 150.31, 1),
(2320, 96, 7, 3, NULL, 28, 182.94, 1),
(2321, 96, 7, 4, NULL, 18, 213.77, 1),
(2322, 96, 8, 3, NULL, 16, 170.02, 1),
(2323, 96, 8, 4, NULL, 16, 158.79, 1),
(2324, 96, 9, 3, NULL, 24, 233.91, 1),
(2325, 96, 9, 4, NULL, 19, 243.15, 1),
(2326, 96, 10, 3, NULL, 16, 164.02, 1),
(2327, 96, 10, 4, NULL, 10, 240.67, 1),
(2328, 97, 6, 3, NULL, 13, 161.28, 1),
(2329, 97, 6, 4, NULL, 26, 234.38, 1),
(2330, 97, 7, 3, NULL, 22, 238.08, 1),
(2331, 97, 7, 4, NULL, 20, 237.26, 1),
(2332, 97, 8, 3, NULL, 23, 222.05, 1),
(2333, 97, 8, 4, NULL, 26, 248.46, 1),
(2334, 97, 9, 3, NULL, 13, 226.16, 1),
(2335, 97, 9, 4, NULL, 14, 235.4, 1),
(2336, 97, 10, 3, NULL, 22, 248.53, 1),
(2337, 97, 10, 4, NULL, 18, 186.46, 1),
(2338, 98, 6, 3, NULL, 12, 236.72, 1),
(2339, 98, 6, 4, NULL, 17, 174.21, 1),
(2340, 98, 7, 3, NULL, 21, 210.87, 1),
(2341, 98, 7, 4, NULL, 22, 181.73, 1),
(2342, 98, 8, 3, NULL, 19, 226.03, 1),
(2343, 98, 8, 4, NULL, 19, 234.96, 1),
(2344, 98, 9, 3, NULL, 26, 246.71, 1),
(2345, 98, 9, 4, NULL, 25, 178.66, 1),
(2346, 98, 10, 3, NULL, 16, 203.16, 1),
(2347, 98, 10, 4, NULL, 15, 229.84, 1),
(2348, 99, 6, 3, NULL, 16, 189.7, 1),
(2349, 99, 6, 4, NULL, 25, 208.99, 1),
(2350, 99, 7, 3, NULL, 28, 225.86, 1),
(2351, 99, 7, 4, NULL, 13, 152.32, 1),
(2352, 99, 8, 3, NULL, 12, 234.04, 1),
(2353, 99, 8, 4, NULL, 10, 163.23, 1),
(2354, 99, 9, 3, NULL, 26, 164.04, 1),
(2355, 99, 9, 4, NULL, 28, 180.49, 1),
(2356, 99, 10, 3, NULL, 14, 160.33, 1),
(2357, 99, 10, 4, NULL, 16, 210.19, 1),
(2358, 100, 6, 3, NULL, 28, 219.97, 1),
(2359, 100, 6, 4, NULL, 21, 219.28, 1),
(2360, 100, 7, 3, NULL, 12, 186.46, 1),
(2361, 100, 7, 4, NULL, 25, 224.49, 1),
(2362, 100, 8, 3, NULL, 21, 213.06, 1),
(2363, 100, 8, 4, NULL, 18, 241.84, 1),
(2364, 100, 9, 3, NULL, 19, 220.01, 1),
(2365, 100, 9, 4, NULL, 29, 224.54, 1),
(2366, 100, 10, 3, NULL, 17, 212.68, 1),
(2367, 100, 10, 4, NULL, 29, 239.77, 1),
(2368, 101, 6, 3, NULL, 25, 210.82, 1),
(2369, 101, 6, 4, NULL, 28, 184.8, 1),
(2370, 101, 7, 3, NULL, 16, 241.52, 1),
(2371, 101, 7, 4, NULL, 26, 203.22, 1),
(2372, 101, 8, 3, NULL, 29, 241.55, 1),
(2373, 101, 8, 4, NULL, 20, 248.08, 1),
(2374, 101, 9, 3, NULL, 20, 165.76, 1),
(2375, 101, 9, 4, NULL, 12, 234.53, 1),
(2376, 101, 10, 3, NULL, 29, 225.4, 1),
(2377, 101, 10, 4, NULL, 19, 173.4, 1),
(2378, 102, 6, 3, NULL, 18, 240.82, 1),
(2379, 102, 6, 4, NULL, 21, 233.89, 1),
(2380, 102, 7, 3, NULL, 25, 196.99, 1),
(2381, 102, 7, 4, NULL, 29, 233.26, 1),
(2382, 102, 8, 3, NULL, 19, 225.34, 1),
(2383, 102, 8, 4, NULL, 20, 176.93, 1),
(2384, 102, 9, 3, NULL, 12, 158.64, 1),
(2385, 102, 9, 4, NULL, 29, 212.39, 1),
(2386, 102, 10, 3, NULL, 19, 236.03, 1),
(2387, 102, 10, 4, NULL, 20, 192.97, 1),
(2388, 103, 6, 3, NULL, 12, 206.77, 1),
(2389, 103, 6, 4, NULL, 11, 204.95, 1),
(2390, 103, 7, 3, NULL, 10, 154.41, 1),
(2391, 103, 7, 4, NULL, 28, 207.23, 1),
(2392, 103, 8, 3, NULL, 17, 222.9, 1),
(2393, 103, 8, 4, NULL, 12, 242.8, 1),
(2394, 103, 9, 3, NULL, 17, 195.3, 1),
(2395, 103, 9, 4, NULL, 22, 198.1, 1),
(2396, 103, 10, 3, NULL, 28, 154.6, 1),
(2397, 103, 10, 4, NULL, 24, 228.72, 1),
(2398, 104, 6, 3, NULL, 27, 229.8, 1),
(2399, 104, 6, 4, NULL, 14, 212.81, 1),
(2400, 104, 7, 3, NULL, 16, 224.68, 1),
(2401, 104, 7, 4, NULL, 11, 234.94, 1),
(2402, 104, 8, 3, NULL, 16, 150.69, 1),
(2403, 104, 8, 4, NULL, 17, 198.63, 1),
(2404, 104, 9, 3, NULL, 25, 191.09, 1),
(2405, 104, 9, 4, NULL, 27, 209.53, 1),
(2406, 104, 10, 3, NULL, 28, 224.39, 1),
(2407, 104, 10, 4, NULL, 29, 243.35, 1),
(2408, 105, 6, 3, NULL, 12, 193.58, 1),
(2409, 105, 6, 4, NULL, 24, 187.88, 1),
(2410, 105, 7, 3, NULL, 14, 208.62, 1),
(2411, 105, 7, 4, NULL, 27, 229.5, 1),
(2412, 105, 8, 3, NULL, 22, 171.6, 1),
(2413, 105, 8, 4, NULL, 18, 219.53, 1),
(2414, 105, 9, 3, NULL, 15, 232.84, 1),
(2415, 105, 9, 4, NULL, 13, 155.61, 1),
(2416, 105, 10, 3, NULL, 30, 229.55, 1),
(2417, 105, 10, 4, NULL, 18, 230.91, 1),
(2418, 106, 6, 3, NULL, 12, 215.89, 1),
(2419, 106, 6, 4, NULL, 18, 236.73, 1),
(2420, 106, 7, 3, NULL, 21, 185.98, 1),
(2421, 106, 7, 4, NULL, 23, 169.69, 1),
(2422, 106, 8, 3, NULL, 21, 240.52, 1),
(2423, 106, 8, 4, NULL, 27, 243.51, 1),
(2424, 106, 9, 3, NULL, 22, 246.02, 1),
(2425, 106, 9, 4, NULL, 21, 249.56, 1),
(2426, 106, 10, 3, NULL, 26, 159.76, 1),
(2427, 106, 10, 4, NULL, 18, 200.09, 1),
(2428, 107, 6, 3, NULL, 23, 171.16, 1),
(2429, 107, 6, 4, NULL, 11, 205.55, 1),
(2430, 107, 7, 3, NULL, 15, 164.26, 1),
(2431, 107, 7, 4, NULL, 11, 154.66, 1),
(2432, 107, 8, 3, NULL, 22, 230.52, 1),
(2433, 107, 8, 4, NULL, 26, 238.63, 1),
(2434, 107, 9, 3, NULL, 14, 151.6, 1),
(2435, 107, 9, 4, NULL, 22, 192.08, 1),
(2436, 107, 10, 3, NULL, 19, 155.6, 1),
(2437, 107, 10, 4, NULL, 20, 151.77, 1),
(2438, 108, 6, 3, NULL, 12, 242.04, 1),
(2439, 108, 6, 4, NULL, 30, 204.89, 1),
(2440, 108, 7, 3, NULL, 23, 248.34, 1),
(2441, 108, 7, 4, NULL, 15, 177.04, 1),
(2442, 108, 8, 3, NULL, 17, 190.19, 1),
(2443, 108, 8, 4, NULL, 30, 169.8, 1),
(2444, 108, 9, 3, NULL, 29, 228.42, 1),
(2445, 108, 9, 4, NULL, 24, 182.73, 1),
(2446, 108, 10, 3, NULL, 22, 178.37, 1),
(2447, 108, 10, 4, NULL, 30, 193.67, 1),
(2448, 109, 6, 3, NULL, 11, 183.22, 1),
(2449, 109, 6, 4, NULL, 18, 185.09, 1),
(2450, 109, 7, 3, NULL, 27, 225.81, 1),
(2451, 109, 7, 4, NULL, 10, 223.78, 1),
(2452, 109, 8, 3, NULL, 21, 191.44, 1),
(2453, 109, 8, 4, NULL, 23, 235.9, 1),
(2454, 109, 9, 3, NULL, 23, 155.14, 1),
(2455, 109, 9, 4, NULL, 18, 218.04, 1),
(2456, 109, 10, 3, NULL, 28, 174.75, 1),
(2457, 109, 10, 4, NULL, 16, 169.66, 1),
(2458, 110, 6, 3, NULL, 26, 174.04, 1),
(2459, 110, 6, 4, NULL, 10, 211.21, 1),
(2460, 110, 7, 3, NULL, 26, 183.93, 1),
(2461, 110, 7, 4, NULL, 27, 236.04, 1),
(2462, 110, 8, 3, NULL, 28, 178.4, 1),
(2463, 110, 8, 4, NULL, 27, 233.88, 1),
(2464, 110, 9, 3, NULL, 24, 184.18, 1),
(2465, 110, 9, 4, NULL, 30, 169.28, 1),
(2466, 110, 10, 3, NULL, 25, 243.84, 1),
(2467, 110, 10, 4, NULL, 26, 161.36, 1),
(2468, 111, 6, 3, NULL, 26, 225.29, 1),
(2469, 111, 6, 4, NULL, 22, 192.36, 1),
(2470, 111, 7, 3, NULL, 23, 235.95, 1),
(2471, 111, 7, 4, NULL, 18, 152.67, 1),
(2472, 111, 8, 3, NULL, 12, 205.47, 1),
(2473, 111, 8, 4, NULL, 16, 219.37, 1),
(2474, 111, 9, 3, NULL, 11, 230.41, 1),
(2475, 111, 9, 4, NULL, 21, 243.96, 1),
(2476, 111, 10, 3, NULL, 19, 178.57, 1),
(2477, 111, 10, 4, NULL, 21, 210.98, 1),
(2478, 112, 6, 3, NULL, 19, 169.18, 1),
(2479, 112, 6, 4, NULL, 23, 162.97, 1),
(2480, 112, 7, 3, NULL, 26, 157.29, 1),
(2481, 112, 7, 4, NULL, 13, 247.56, 1),
(2482, 112, 8, 3, NULL, 15, 215.9, 1),
(2483, 112, 8, 4, NULL, 29, 186.84, 1),
(2484, 112, 9, 3, NULL, 29, 236.5, 1),
(2485, 112, 9, 4, NULL, 26, 171.99, 1),
(2486, 112, 10, 3, NULL, 15, 200.43, 1),
(2487, 112, 10, 4, NULL, 28, 236.18, 1),
(2488, 113, 6, 3, NULL, 24, 229.61, 1),
(2489, 113, 6, 4, NULL, 26, 189.5, 1),
(2490, 113, 7, 3, NULL, 28, 208.68, 1),
(2491, 113, 7, 4, NULL, 30, 224.89, 1),
(2492, 113, 8, 3, NULL, 17, 248.43, 1),
(2493, 113, 8, 4, NULL, 26, 217.46, 1),
(2494, 113, 9, 3, NULL, 10, 192, 1),
(2495, 113, 9, 4, NULL, 22, 157.63, 1),
(2496, 113, 10, 3, NULL, 29, 162.16, 1),
(2497, 113, 10, 4, NULL, 28, 187.89, 1),
(2498, 114, 6, 3, NULL, 24, 202.99, 1),
(2499, 114, 6, 4, NULL, 25, 201.25, 1),
(2500, 114, 7, 3, NULL, 23, 247.32, 1),
(2501, 114, 7, 4, NULL, 29, 182.81, 1),
(2502, 114, 8, 3, NULL, 29, 222.13, 1),
(2503, 114, 8, 4, NULL, 27, 212.19, 1),
(2504, 114, 9, 3, NULL, 18, 244.57, 1),
(2505, 114, 9, 4, NULL, 18, 236.28, 1),
(2506, 114, 10, 3, NULL, 27, 197.68, 1),
(2507, 114, 10, 4, NULL, 11, 229.56, 1),
(2508, 115, 6, 3, NULL, 26, 204.77, 1),
(2509, 115, 6, 4, NULL, 24, 185.17, 1),
(2510, 115, 7, 3, NULL, 13, 161.55, 1),
(2511, 115, 7, 4, NULL, 22, 202.25, 1),
(2512, 115, 8, 3, NULL, 23, 176.59, 1),
(2513, 115, 8, 4, NULL, 19, 226.2, 1),
(2514, 115, 9, 3, NULL, 17, 151.23, 1),
(2515, 115, 9, 4, NULL, 19, 227.55, 1),
(2516, 115, 10, 3, NULL, 12, 234.06, 1),
(2517, 115, 10, 4, NULL, 13, 237.65, 1),
(2518, 116, 6, 3, NULL, 17, 236.08, 1),
(2519, 116, 6, 4, NULL, 19, 217.43, 1),
(2520, 116, 7, 3, NULL, 15, 228.9, 1),
(2521, 116, 7, 4, NULL, 25, 242.21, 1),
(2522, 116, 8, 3, NULL, 29, 174.37, 1),
(2523, 116, 8, 4, NULL, 23, 195.21, 1),
(2524, 116, 9, 3, NULL, 15, 202.92, 1),
(2525, 116, 9, 4, NULL, 17, 178.99, 1),
(2526, 116, 10, 3, NULL, 12, 236.21, 1),
(2527, 116, 10, 4, NULL, 18, 194.05, 1),
(2528, 117, 6, 3, NULL, 22, 211.63, 1),
(2529, 117, 6, 4, NULL, 27, 226.02, 1),
(2530, 117, 7, 3, NULL, 20, 245.18, 1),
(2531, 117, 7, 4, NULL, 29, 197.83, 1),
(2532, 117, 8, 3, NULL, 15, 203.65, 1),
(2533, 117, 8, 4, NULL, 16, 174.72, 1),
(2534, 117, 9, 3, NULL, 27, 212.68, 1),
(2535, 117, 9, 4, NULL, 14, 189.21, 1),
(2536, 117, 10, 3, NULL, 22, 158.03, 1),
(2537, 117, 10, 4, NULL, 17, 172.53, 1),
(2538, 118, 6, 3, NULL, 10, 238.53, 1),
(2539, 118, 6, 4, NULL, 10, 225.08, 1),
(2540, 118, 7, 3, NULL, 10, 159.83, 1),
(2541, 118, 7, 4, NULL, 29, 173.88, 1),
(2542, 118, 8, 3, NULL, 27, 239.92, 1),
(2543, 118, 8, 4, NULL, 17, 227.94, 1),
(2544, 118, 9, 3, NULL, 13, 169.96, 1),
(2545, 118, 9, 4, NULL, 23, 215.98, 1),
(2546, 118, 10, 3, NULL, 28, 220.01, 1),
(2547, 118, 10, 4, NULL, 18, 202.11, 1),
(2548, 119, 6, 3, NULL, 20, 200.51, 1),
(2549, 119, 6, 4, NULL, 13, 246.21, 1),
(2550, 119, 7, 3, NULL, 17, 179.55, 1),
(2551, 119, 7, 4, NULL, 17, 209.09, 1),
(2552, 119, 8, 3, NULL, 24, 156.81, 1),
(2553, 119, 8, 4, NULL, 18, 206.8, 1),
(2554, 119, 9, 3, NULL, 29, 213.54, 1),
(2555, 119, 9, 4, NULL, 20, 197.3, 1),
(2556, 119, 10, 3, NULL, 24, 195.88, 1),
(2557, 119, 10, 4, NULL, 28, 237.51, 1),
(2558, 120, 6, 3, NULL, 17, 249.92, 1),
(2559, 120, 6, 4, NULL, 12, 187.07, 1),
(2560, 120, 7, 3, NULL, 20, 235.59, 1),
(2561, 120, 7, 4, NULL, 15, 166.73, 1),
(2562, 120, 8, 3, NULL, 23, 176.89, 1),
(2563, 120, 8, 4, NULL, 23, 234.26, 1),
(2564, 120, 9, 3, NULL, 13, 190.63, 1),
(2565, 120, 9, 4, NULL, 29, 200.35, 1),
(2566, 120, 10, 3, NULL, 13, 179.86, 1),
(2567, 120, 10, 4, NULL, 28, 248.27, 1),
(2568, 121, 6, 3, NULL, 13, 151.78, 1),
(2569, 121, 6, 4, NULL, 28, 164.08, 1),
(2570, 121, 7, 3, NULL, 13, 215.07, 1),
(2571, 121, 7, 4, NULL, 30, 233.1, 1),
(2572, 121, 8, 3, NULL, 20, 170.27, 1),
(2573, 121, 8, 4, NULL, 23, 202.08, 1),
(2574, 121, 9, 3, NULL, 23, 249.59, 1),
(2575, 121, 9, 4, NULL, 14, 191.72, 1),
(2576, 121, 10, 3, NULL, 15, 159.81, 1),
(2577, 121, 10, 4, NULL, 20, 173.89, 1),
(2578, 122, 6, 3, NULL, 26, 240.04, 1),
(2579, 122, 6, 4, NULL, 20, 228.52, 1),
(2580, 122, 7, 3, NULL, 11, 172.5, 1),
(2581, 122, 7, 4, NULL, 24, 226.91, 1),
(2582, 122, 8, 3, NULL, 17, 167.04, 1),
(2583, 122, 8, 4, NULL, 23, 204.49, 1),
(2584, 122, 9, 3, NULL, 12, 171.33, 1),
(2585, 122, 9, 4, NULL, 25, 193.18, 1),
(2586, 122, 10, 3, NULL, 16, 201.9, 1),
(2587, 122, 10, 4, NULL, 16, 179.97, 1),
(2588, 123, 6, 3, NULL, 20, 244.16, 1),
(2589, 123, 6, 4, NULL, 24, 230.9, 1),
(2590, 123, 7, 3, NULL, 28, 172.02, 1),
(2591, 123, 7, 4, NULL, 20, 217.37, 1),
(2592, 123, 8, 3, NULL, 24, 220.81, 1),
(2593, 123, 8, 4, NULL, 11, 201.95, 1),
(2594, 123, 9, 3, NULL, 14, 197.31, 1),
(2595, 123, 9, 4, NULL, 28, 230.71, 1),
(2596, 123, 10, 3, NULL, 28, 211.61, 1),
(2597, 123, 10, 4, NULL, 27, 215.9, 1),
(2598, 124, 6, 3, NULL, 18, 194.69, 1),
(2599, 124, 6, 4, NULL, 20, 175.75, 1),
(2600, 124, 7, 3, NULL, 17, 244.69, 1),
(2601, 124, 7, 4, NULL, 14, 246.18, 1),
(2602, 124, 8, 3, NULL, 29, 246.84, 1),
(2603, 124, 8, 4, NULL, 11, 245.66, 1),
(2604, 124, 9, 3, NULL, 20, 237.78, 1),
(2605, 124, 9, 4, NULL, 16, 201.94, 1),
(2606, 124, 10, 3, NULL, 28, 246.35, 1),
(2607, 124, 10, 4, NULL, 25, 175.92, 1),
(2608, 125, 6, 3, NULL, 12, 190.54, 1),
(2609, 125, 6, 4, NULL, 12, 174.94, 1),
(2610, 125, 7, 3, NULL, 15, 153.07, 1),
(2611, 125, 7, 4, NULL, 29, 190.54, 1),
(2612, 125, 8, 3, NULL, 29, 243.49, 1),
(2613, 125, 8, 4, NULL, 28, 195.84, 1),
(2614, 125, 9, 3, NULL, 25, 198.74, 1),
(2615, 125, 9, 4, NULL, 12, 156.17, 1),
(2616, 125, 10, 3, NULL, 14, 234.62, 1),
(2617, 125, 10, 4, NULL, 22, 154.62, 1),
(2618, 126, 6, 3, NULL, 20, 219.21, 1),
(2619, 126, 6, 4, NULL, 24, 182.19, 1),
(2620, 126, 7, 3, NULL, 11, 203.34, 1),
(2621, 126, 7, 4, NULL, 13, 220.1, 1),
(2622, 126, 8, 3, NULL, 20, 240.51, 1),
(2623, 126, 8, 4, NULL, 30, 192.24, 1),
(2624, 126, 9, 3, NULL, 21, 189.67, 1),
(2625, 126, 9, 4, NULL, 26, 221.63, 1),
(2626, 126, 10, 3, NULL, 16, 189.12, 1),
(2627, 126, 10, 4, NULL, 14, 230.74, 1),
(2628, 127, 6, 3, NULL, 11, 236.33, 1),
(2629, 127, 6, 4, NULL, 22, 239.43, 1),
(2630, 127, 7, 3, NULL, 27, 238.16, 1),
(2631, 127, 7, 4, NULL, 21, 222.51, 1),
(2632, 127, 8, 3, NULL, 12, 248.07, 1),
(2633, 127, 8, 4, NULL, 26, 222.8, 1),
(2634, 127, 9, 3, NULL, 24, 219.8, 1),
(2635, 127, 9, 4, NULL, 11, 180.6, 1),
(2636, 127, 10, 3, NULL, 16, 193.62, 1),
(2637, 127, 10, 4, NULL, 16, 176.27, 1),
(2638, 128, 6, 3, NULL, 21, 150.49, 1),
(2639, 128, 6, 4, NULL, 26, 173.65, 1),
(2640, 128, 7, 3, NULL, 17, 166.78, 1),
(2641, 128, 7, 4, NULL, 18, 162.94, 1),
(2642, 128, 8, 3, NULL, 27, 164.37, 1),
(2643, 128, 8, 4, NULL, 12, 183.02, 1),
(2644, 128, 9, 3, NULL, 30, 172, 1),
(2645, 128, 9, 4, NULL, 22, 160.95, 1),
(2646, 128, 10, 3, NULL, 13, 238.74, 1),
(2647, 128, 10, 4, NULL, 26, 160.84, 1),
(2648, 129, 6, 3, NULL, 22, 237.98, 1),
(2649, 129, 6, 4, NULL, 21, 157.39, 1),
(2650, 129, 7, 3, NULL, 11, 223.01, 1),
(2651, 129, 7, 4, NULL, 20, 192.86, 1),
(2652, 129, 8, 3, NULL, 16, 245.3, 1),
(2653, 129, 8, 4, NULL, 13, 197.9, 1),
(2654, 129, 9, 3, NULL, 27, 203.61, 1),
(2655, 129, 9, 4, NULL, 23, 174.36, 1),
(2656, 129, 10, 3, NULL, 26, 210.97, 1),
(2657, 129, 10, 4, NULL, 12, 181.74, 1),
(2658, 130, 6, 3, NULL, 11, 225.83, 1),
(2659, 130, 6, 4, NULL, 30, 233.9, 1),
(2660, 130, 7, 3, NULL, 26, 242.04, 1),
(2661, 130, 7, 4, NULL, 29, 158.47, 1),
(2662, 130, 8, 3, NULL, 19, 216.24, 1),
(2663, 130, 8, 4, NULL, 17, 155.79, 1),
(2664, 130, 9, 3, NULL, 17, 180.22, 1),
(2665, 130, 9, 4, NULL, 23, 183.75, 1),
(2666, 130, 10, 3, NULL, 15, 228.08, 1),
(2667, 130, 10, 4, NULL, 18, 239.17, 1),
(2668, 131, 6, 3, NULL, 14, 161.58, 1),
(2669, 131, 6, 4, NULL, 25, 240.41, 1),
(2670, 131, 7, 3, NULL, 14, 167.32, 1),
(2671, 131, 7, 4, NULL, 24, 165.35, 1),
(2672, 131, 8, 3, NULL, 27, 174.8, 1),
(2673, 131, 8, 4, NULL, 16, 227.94, 1),
(2674, 131, 9, 3, NULL, 28, 165.29, 1),
(2675, 131, 9, 4, NULL, 21, 192.62, 1),
(2676, 131, 10, 3, NULL, 12, 217.24, 1),
(2677, 131, 10, 4, NULL, 28, 158.35, 1),
(2678, 132, 6, 3, NULL, 14, 190.01, 1),
(2679, 132, 6, 4, NULL, 14, 225.02, 1),
(2680, 132, 7, 3, NULL, 20, 205.05, 1),
(2681, 132, 7, 4, NULL, 29, 200.18, 1),
(2682, 132, 8, 3, NULL, 15, 235.78, 1),
(2683, 132, 8, 4, NULL, 17, 228.35, 1),
(2684, 132, 9, 3, NULL, 10, 184.42, 1),
(2685, 132, 9, 4, NULL, 11, 187.05, 1),
(2686, 132, 10, 3, NULL, 12, 232, 1),
(2687, 132, 10, 4, NULL, 17, 248.83, 1),
(2688, 133, 6, 3, NULL, 22, 198.17, 1),
(2689, 133, 6, 4, NULL, 27, 194.33, 1),
(2690, 133, 7, 3, NULL, 20, 227.17, 1),
(2691, 133, 7, 4, NULL, 10, 202.85, 1),
(2692, 133, 8, 3, NULL, 21, 182.74, 1),
(2693, 133, 8, 4, NULL, 24, 155.13, 1),
(2694, 133, 9, 3, NULL, 27, 177.44, 1),
(2695, 133, 9, 4, NULL, 13, 171.81, 1),
(2696, 133, 10, 3, NULL, 14, 176.74, 1),
(2697, 133, 10, 4, NULL, 23, 218.27, 1),
(2698, 134, 6, 3, NULL, 20, 211.12, 1),
(2699, 134, 6, 4, NULL, 23, 150.8, 1),
(2700, 134, 7, 3, NULL, 24, 170.65, 1),
(2701, 134, 7, 4, NULL, 21, 150.83, 1),
(2702, 134, 8, 3, NULL, 25, 192.19, 1),
(2703, 134, 8, 4, NULL, 12, 158.49, 1),
(2704, 134, 9, 3, NULL, 13, 165.86, 1),
(2705, 134, 9, 4, NULL, 18, 203.83, 1),
(2706, 134, 10, 3, NULL, 21, 171.59, 1),
(2707, 134, 10, 4, NULL, 22, 196.44, 1),
(2708, 135, 6, 3, NULL, 16, 217.42, 1),
(2709, 135, 6, 4, NULL, 23, 247.8, 1),
(2710, 135, 7, 3, NULL, 20, 236.74, 1),
(2711, 135, 7, 4, NULL, 21, 190.31, 1),
(2712, 135, 8, 3, NULL, 12, 191.32, 1),
(2713, 135, 8, 4, NULL, 30, 235.67, 1),
(2714, 135, 9, 3, NULL, 23, 154.38, 1),
(2715, 135, 9, 4, NULL, 14, 214.89, 1),
(2716, 135, 10, 3, NULL, 11, 161.32, 1),
(2717, 135, 10, 4, NULL, 25, 211.91, 1),
(2718, 136, 6, 3, NULL, 23, 225.58, 1),
(2719, 136, 6, 4, NULL, 28, 242.2, 1),
(2720, 136, 7, 3, NULL, 22, 184.25, 1),
(2721, 136, 7, 4, NULL, 15, 244.66, 1),
(2722, 136, 8, 3, NULL, 17, 220.56, 1),
(2723, 136, 8, 4, NULL, 13, 218.8, 1),
(2724, 136, 9, 3, NULL, 25, 182.34, 1),
(2725, 136, 9, 4, NULL, 15, 205.31, 1),
(2726, 136, 10, 3, NULL, 11, 229.51, 1),
(2727, 136, 10, 4, NULL, 20, 181.62, 1);

-- --------------------------------------------------------

--
-- Estructura de tabla para la tabla `tipos`
--

CREATE TABLE `tipos` (
  `id` int(11) NOT NULL,
  `nombre` varchar(255) NOT NULL
) ENGINE=InnoDB DEFAULT CHARSET=utf8mb4 COLLATE=utf8mb4_general_ci;

--
-- Volcado de datos para la tabla `tipos`
--

INSERT INTO `tipos` (`id`, `nombre`) VALUES
(69, 'Silla giratoria'),
(70, 'Silla de espera'),
(71, 'Silla estática'),
(72, 'Silla mesedora'),
(73, 'Silla de peluquería'),
(74, 'Silla estática con brazo'),
(75, 'Catre de internación'),
(76, 'Camillas para masajes'),
(77, 'Gradilla de 2 peldaños'),
(78, 'Biombo'),
(79, 'Negtoscopio'),
(80, 'Camilla tipo escritorio'),
(81, 'Taburete médico'),
(82, 'Camilla con Barillas'),
(83, 'Lámpara de cuello ganzo'),
(84, 'Velador clínico'),
(85, 'Camilla de ginecología'),
(86, 'Pedestal porta sueros'),
(87, 'Camilla de examen'),
(88, 'Camilla de examen con espaldar movible'),
(89, 'Mesa de trabajo'),
(90, 'Mesa de curación'),
(91, 'Mesa de instrumentación'),
(92, 'Horno semi-industrial'),
(93, 'Cocina industrial de dos quemadores'),
(94, 'Horno domestico'),
(95, 'Broastera simple'),
(96, 'Horno hogareño'),
(97, 'Góndolas para supermercados'),
(98, 'Estanteria tipo vitrin'),
(99, 'Casillero de cuatro puertas'),
(100, 'Estante de puertas corredizas'),
(101, 'Casillero de dos puertas'),
(102, 'Casillero de 6 puertas'),
(103, 'Casillero de 12 puertas'),
(104, 'Casillero de 15 puertas'),
(105, 'Casillero de 2 puertas'),
(106, 'Casillero de 20 puertas'),
(107, 'Casillero de 9 puertas'),
(108, 'Casillero de 1 cuerpo y 4 puertas'),
(109, 'Casillero de 1 cuerpo y tres puertas'),
(110, 'Casillero de 1 cuerpo y 1 puerta'),
(111, 'Vitrina doble chapa'),
(112, 'Ropero casillero'),
(113, 'Alacena con pedestal'),
(114, 'Cajero para supermercado'),
(115, 'Mostrador para librería'),
(116, 'Estante mostrador'),
(117, 'Credenza'),
(118, 'Estante Archivador'),
(119, 'Estante para farmacia de dos cuerpos'),
(120, 'Estante para farmacia'),
(121, 'Vitrina para farmacia'),
(122, 'Estante para farmacia'),
(123, 'Escritorio secretarial de cuatro cajas con chapa clave'),
(124, 'Escritorio ejecutivo de siete cajas'),
(125, 'Vitrina de puertas corredizas'),
(126, 'Gabinete de dos cuerpos'),
(127, 'Armario de dos cuerpos'),
(128, 'Estante para archivos con bandejas'),
(129, 'Archivero'),
(130, 'Gabetero con chapa independiente'),
(131, 'Archivador de Chapas Individuales'),
(132, 'Gabetero de 4 cajas'),
(133, 'Gabetero de 3 cajas'),
(134, 'Gabetero de 2 cajas con chapa adicional'),
(135, 'Gabetero de 2 cajas sin chapa'),
(136, 'Gabetero de 5 cajas');

-- --------------------------------------------------------

--
-- Estructura de tabla para la tabla `usuario`
--

CREATE TABLE `usuario` (
  `id` int(11) NOT NULL,
  `username` varchar(20) DEFAULT NULL,
  `password` varchar(20) DEFAULT NULL,
  `rol` varchar(20) DEFAULT NULL,
  `id_persona` int(11) DEFAULT NULL
) ENGINE=InnoDB DEFAULT CHARSET=utf8mb4 COLLATE=utf8mb4_general_ci;

--
-- Volcado de datos para la tabla `usuario`
--

INSERT INTO `usuario` (`id`, `username`, `password`, `rol`, `id_persona`) VALUES
(1, 'jperez', 'jperez', 'administrador', 1),
(2, 'mlopez', 'mlopez', 'encargado', 2),
(3, 'cgomez', 'cgomez', 'empleado', 3);

-- --------------------------------------------------------

--
-- Estructura de tabla para la tabla `ventas`
--

CREATE TABLE `ventas` (
  `id` int(11) NOT NULL,
  `tipo` varchar(200) DEFAULT NULL,
  `color` varchar(200) DEFAULT NULL,
  `material` varchar(200) DEFAULT NULL,
  `agregado` varchar(200) DEFAULT NULL,
  `cantidad` int(11) DEFAULT NULL,
  `precioU` float NOT NULL,
  `precioT` float NOT NULL,
  `fecha` date DEFAULT NULL
) ENGINE=InnoDB DEFAULT CHARSET=utf8mb4 COLLATE=utf8mb4_general_ci;

--
-- Disparadores `ventas`
--
DELIMITER $$
CREATE TRIGGER `reducir_stock_venta` AFTER INSERT ON `ventas` FOR EACH ROW BEGIN
    DECLARE v_tipo_id INT;
    DECLARE v_color_id INT;
    DECLARE v_material_id INT;
    DECLARE v_agregado_id INT DEFAULT NULL;  -- Default NULL para manejar productos sin agregado
    DECLARE v_current_stock INT;

    -- Obtener los IDs correspondientes a los nombres
    SELECT id INTO v_tipo_id FROM tipos WHERE nombre LIKE CONCAT(NEW.tipo, '%') LIMIT 1;
    SELECT id INTO v_color_id FROM colores WHERE nombre LIKE NEW.color LIMIT 1;
    SELECT id INTO v_material_id FROM materiales WHERE nombre LIKE NEW.material LIMIT 1;

    -- Manejar caso cuando agregado es NULL o vacío
    IF NEW.agregado IS NULL OR NEW.agregado = '' THEN
        SET v_agregado_id = -1;  -- Usamos un valor especial para indicar que no hay agregado
    ELSE
        SELECT id INTO v_agregado_id FROM agregados WHERE nombre LIKE NEW.agregado LIMIT 1;
    END IF;

    -- Verificar que los IDs sean válidos
    IF v_tipo_id IS NULL OR v_color_id IS NULL OR v_material_id IS NULL OR (v_agregado_id IS NULL AND NEW.agregado IS NOT NULL) THEN
        SIGNAL SQLSTATE '45000' SET MESSAGE_TEXT = 'Uno o más ID no son válidos';
    ELSE
        -- Obtener el stock actual del producto
        SELECT stock INTO v_current_stock
        FROM producto_combinaciones
        WHERE tipo_id = v_tipo_id
        AND color_id = v_color_id
        AND material_id = v_material_id
        AND (agregado_id = v_agregado_id OR (v_agregado_id = -1 AND agregado_id IS NULL));  -- Considerar NULL para productos sin agregado
        
        -- Guardar en la tabla de depuración para verificar los valores de stock (solo para depuración)
        -- INSERT INTO debug_logs (variable_name, variable_value) VALUES ('v_current_stock', v_current_stock);

        -- Verificar que el stock sea suficiente
        IF v_current_stock >= NEW.cantidad THEN
            -- Reducir el stock
            UPDATE producto_combinaciones
            SET stock = stock - NEW.cantidad
            WHERE tipo_id = v_tipo_id
            AND color_id = v_color_id
            AND material_id = v_material_id
            AND (agregado_id = v_agregado_id OR (v_agregado_id = -1 AND agregado_id IS NULL));
        ELSE
            -- Lanzar un error si el stock no es suficiente
            SIGNAL SQLSTATE '45000' SET MESSAGE_TEXT = 'Stock insuficiente para la venta';
        END IF;
    END IF;
END
$$
DELIMITER ;

--
-- Índices para tablas volcadas
--

--
-- Indices de la tabla `agregados`
--
ALTER TABLE `agregados`
  ADD PRIMARY KEY (`id`);

--
-- Indices de la tabla `colores`
--
ALTER TABLE `colores`
  ADD PRIMARY KEY (`id`);

--
-- Indices de la tabla `materiales`
--
ALTER TABLE `materiales`
  ADD PRIMARY KEY (`id`);

--
-- Indices de la tabla `persona`
--
ALTER TABLE `persona`
  ADD PRIMARY KEY (`id`);

--
-- Indices de la tabla `producto_combinaciones`
--
ALTER TABLE `producto_combinaciones`
  ADD PRIMARY KEY (`id`),
  ADD UNIQUE KEY `unique_combination` (`tipo_id`,`agregado_id`,`color_id`,`material_id`),
  ADD KEY `tipo_id` (`tipo_id`),
  ADD KEY `color_id` (`color_id`),
  ADD KEY `material_id` (`material_id`),
  ADD KEY `R_9` (`agregado_id`);

--
-- Indices de la tabla `tipos`
--
ALTER TABLE `tipos`
  ADD PRIMARY KEY (`id`);

--
-- Indices de la tabla `usuario`
--
ALTER TABLE `usuario`
  ADD PRIMARY KEY (`id`),
  ADD KEY `R_4` (`id_persona`);

--
-- Indices de la tabla `ventas`
--
ALTER TABLE `ventas`
  ADD PRIMARY KEY (`id`);

--
-- AUTO_INCREMENT de las tablas volcadas
--

--
-- AUTO_INCREMENT de la tabla `agregados`
--
ALTER TABLE `agregados`
  MODIFY `id` int(11) NOT NULL AUTO_INCREMENT, AUTO_INCREMENT=99;

--
-- AUTO_INCREMENT de la tabla `colores`
--
ALTER TABLE `colores`
  MODIFY `id` int(11) NOT NULL AUTO_INCREMENT, AUTO_INCREMENT=14;

--
-- AUTO_INCREMENT de la tabla `materiales`
--
ALTER TABLE `materiales`
  MODIFY `id` int(11) NOT NULL AUTO_INCREMENT, AUTO_INCREMENT=6;

--
-- AUTO_INCREMENT de la tabla `persona`
--
ALTER TABLE `persona`
  MODIFY `id` int(11) NOT NULL AUTO_INCREMENT, AUTO_INCREMENT=10;

--
-- AUTO_INCREMENT de la tabla `producto_combinaciones`
--
ALTER TABLE `producto_combinaciones`
  MODIFY `id` int(11) NOT NULL AUTO_INCREMENT, AUTO_INCREMENT=3071;

--
-- AUTO_INCREMENT de la tabla `tipos`
--
ALTER TABLE `tipos`
  MODIFY `id` int(11) NOT NULL AUTO_INCREMENT, AUTO_INCREMENT=148;

--
-- AUTO_INCREMENT de la tabla `usuario`
--
ALTER TABLE `usuario`
  MODIFY `id` int(11) NOT NULL AUTO_INCREMENT, AUTO_INCREMENT=10;

--
-- AUTO_INCREMENT de la tabla `ventas`
--
ALTER TABLE `ventas`
  MODIFY `id` int(11) NOT NULL AUTO_INCREMENT;

--
-- Restricciones para tablas volcadas
--

--
-- Filtros para la tabla `producto_combinaciones`
--
ALTER TABLE `producto_combinaciones`
  ADD CONSTRAINT `R_9` FOREIGN KEY (`agregado_id`) REFERENCES `agregados` (`id`),
  ADD CONSTRAINT `producto_combinaciones_ibfk_1` FOREIGN KEY (`tipo_id`) REFERENCES `tipos` (`id`),
  ADD CONSTRAINT `producto_combinaciones_ibfk_2` FOREIGN KEY (`color_id`) REFERENCES `colores` (`id`),
  ADD CONSTRAINT `producto_combinaciones_ibfk_3` FOREIGN KEY (`material_id`) REFERENCES `materiales` (`id`);

--
-- Filtros para la tabla `usuario`
--
ALTER TABLE `usuario`
  ADD CONSTRAINT `R_4` FOREIGN KEY (`id_persona`) REFERENCES `persona` (`id`);
COMMIT;

/*!40101 SET CHARACTER_SET_CLIENT=@OLD_CHARACTER_SET_CLIENT */;
/*!40101 SET CHARACTER_SET_RESULTS=@OLD_CHARACTER_SET_RESULTS */;
/*!40101 SET COLLATION_CONNECTION=@OLD_COLLATION_CONNECTION */;
